<?xml version="1.0" encoding="UTF-8"?>

<filter-conf>
    <version>20250102</version>
    <a>com.ss.android.ugc.aweme</a>
    <a>com.smile.gifmaker</a>
    <a>com.tencent.qqlive</a>
    <a>com.tencent.tmgp.sgame</a>
    <a>com.qiyi.video</a>
    <a>com.tencent.tmgp.pubgmhd</a>
    <a>com.ss.android.article.news</a>
    <a>com.ss.android.article.video</a>
    <a>com.baidu.searchbox</a>
    <a>com.ss.android.ugc.live</a>
    <a>com.taobao.taobao</a>
    <a>com.happyelements.AndroidAnimal</a>
    <a>com.xunmeng.pinduoduo</a>
    <a>com.ss.android.article.lite</a>
    <a>com.kugou.android</a>
    <a>com.UCMobile</a>
    <a>com.eg.android.AlipayGphone</a>
    <a>cn.xuexi.android</a>
    <a>com.youku.phone</a>
    <a>com.kmxs.reader</a>
    <a>tv.danmaku.bili</a>
    <a>com.lechuan.midunovel</a>
    <a>com.jifen.qukan</a>
    <a>com.sina.weibo</a>
    <a>com.baidu.haokan</a>
    <a>com.hunantv.imgo.activity</a>
    <a>com.tencent.tmgp.cf</a>
    <a>com.minitech.miniworld.nearme.gamecenter</a>
    <a>com.duowan.kiwi</a>
    <a>com.qqgame.hlddz</a>
    <a>com.le123.ysdq</a>
    <a>com.sdu.didi.gsui</a>
    <a>com.tencent.mtt</a>
    <a>com.autonavi.minimap</a>
    <a>com.ushaqi.zhuishushenqi.adfree</a>
    <a>com.netease.cloudmusic</a>
    <a>com.tencent.tmgp.speedmobile</a>
    <a>com.tencent.news</a>
    <a>com.tencent.karaoke</a>
    <a>com.tencent.qqmusic</a>
    <a>air.tv.douyu.android</a>
    <a>com.sup.android.superb</a>
    <a>com.qq.reader</a>
    <a>com.android.calculator2</a>
    <a>cn.jj</a>
    <a>com.sankuai.meituan</a>
    <a>com.baidu.searchbox.lite</a>
    <a>com.jm.video</a>
    <a>com.chaozh.iReader.dj</a>
    <a>com.tencent.peng</a>
    <a>com.tencent.KiHan</a>
    <a>com.zsqbmfxs.novel</a>
    <a>com.qqgame.happymj</a>
    <a>com.ztgame.bob</a>
    <a>tv.pps.mobile</a>
    <a>com.qiyi.video.reader</a>
    <a>cn.xiaochuankeji.zuiyouLite</a>
    <a>cn.xiaochuankeji.tieba</a>
    <a>com.snda.wifilocating</a>
    <a>com.yuewen.cooperate.reader.free</a>
    <a>com.handsgo.jiakao.android</a>
    <a>com.nearme.gamecenter.ddz.nearme.gamecenter</a>
    <a>com.sankuai.meituan.dispatch.homebrew</a>
    <a>com.mianfeizs.book</a>
    <a>com.tencent.qqgame.xq</a>
    <a>com.xingin.xhs</a>
    <a>com.zengame.zrttddz.nearme.gamecenter</a>
    <a>com.netease.tom.nearme.gamecenter</a>
    <a>com.qihoo.haosou.subscribe.vertical.book</a>
    <a>com.cashtoutiao</a>
    <a>com.baidu.homework</a>
    <a>com.baidu.BaiduMap</a>
    <a>com.meta.xyx</a>
    <a>com.tadu.read</a>
    <a>com.netease.mc.nearme.gamecenter</a>
    <a>com.netease.dwrg.nearme.gamecenter</a>
    <a>com.wifi.reader.free</a>
    <a>com.ximalaya.ting.android</a>
    <a>com.shuqi.controller</a>
    <a>com.mahjong.sichuang</a>
    <a>com.chaozh.iReaderFree</a>
    <a>com.tencent.ig</a>
    <a>com.sogou.activity.src</a>
    <a>com.jingdong.app.mall</a>
    <a>com.xunlei.downloadprovider</a>
    <a>com.sofunny.Sausage</a>
    <a>cc.quanben.novel</a>
    <a>com.lemon.faceu</a>
    <a>com.babycloud.hanju</a>
    <a>com.tencent.tmgp.WePop</a>
    <a>com.mt.mtxx.mtxx</a>
    <a>tv.yixia.bobo</a>
    <a>com.happyelements.AndroidAnimal.qq</a>
    <a>com.ledou.mhhy.nearme.gamecenter</a>
    <a>com.outfit7.talkingtomgoldrun.nearme.gamecenter</a>
    <a>com.ushaqi.zhuishushenqi</a>
    <a>com.ophone.reader.ui</a>
    <a>com.duowan.mobile</a>
    <a>com.ifreetalk.ftalk</a>
    <a>com.campmobile.snowcamera</a>
    <a>com.kuaikan.comic</a>
    <a>com.alibaba.android.rimet</a>
    <a>com.netease.mrzh.nearme.gamecenter</a>
    <a>com.tencent.weread</a>
    <a>com.songheng.eastnews</a>
    <a>com.qukandian.video</a>
    <a>com.duoduo.child.story</a>
    <a>com.tencent.gwgo</a>
    <a>com.qidian.QDReader</a>
    <a>com.faloo.BookReader4Android</a>
    <a>com.zhihu.android</a>
    <a>com.supercell.clashofclans.nearme.gamecenter</a>
    <a>com.google.android.youtube</a>
    <a>com.mampod.ergedd</a>
    <a>com.june.doudizhu.nearme.gamecenter</a>
    <a>com.achievo.vipshop</a>
    <a>com.tencent.tmgp.supercell.clashofclans</a>
    <a>org.xianliao</a>
    <a>me.ele</a>
    <a>com.jjwxc.reader</a>
    <a>com.tencent.tmgp.qqx5</a>
    <a>com.baidu.tieba</a>
    <a>com.yundongquan.sya</a>
    <a>com.outfit7.mytalkingtom2.nearme.gamecenter</a>
    <a>com.sankuai.meituan.takeoutnew</a>
    <a>com.lezou51.app</a>
    <a>com.wepie.snake.nearme.gamecenter</a>
    <a>com.xianlai.guandan</a>
    <a>me.ele.hbdteam</a>
    <a>com.lalamove.huolala.driver</a>
    <a>com.baidu.minivideo</a>
    <a>cn.kuwo.player</a>
    <a>com.xiaobanlong.main</a>
    <a>cn.wlantv.kznk</a>
    <a>com.netease.onmyoji.nearme.gamecenter</a>
    <a>com.sankuai.meituan.dispatch.crowdsource</a>
    <a>com.facebook.katana</a>
    <a>com.hypergryph.arknights</a>
    <a>com.qihoo.video</a>
    <a>com.meitu.meiyancamera</a>
    <a>com.tencent.reading</a>
    <a>com.mianfeia.book</a>
    <a>com.tencent.lzhx</a>
    <a>cn.youth.news</a>
    <a>com.happyelements.AndroidAnimal.ad</a>
    <a>com.sdu.didi.psnger</a>
    <a>com.wifi.reader</a>
    <a>com.quark.browser</a>
    <a>com.netease.newsreader.activity</a>
    <a>cn.wps.moffice_eng</a>
    <a>com.taobao.idlefish</a>
    <a>com.tencent.radio</a>
    <a>com.jz.youyu</a>
    <a>c.l.a</a>
    <a>com.baidu.yuedu</a>
    <a>com.wuba</a>
    <a>com.pingan.easyloan</a>
    <a>com.tencent.tmgp.wbdp</a>
    <a>com.hipu.yidian</a>
    <a>com.cmcc.cmvideo</a>
    <a>com.ChillyRoom.nearme.gamecenter</a>
    <a>com.all.video</a>
    <a>com.cubic.autohome</a>
    <a>com.qqgame.mic</a>
    <a>com.brianbaek.popstar</a>
    <a>com.sy.ydcs.nearme.gamecenter</a>
    <a>com.tencent.shootgame</a>
    <a>com.netease.my.nearme.gamecenter</a>
    <a>com.wedobest.xiangqi.nearme.gamecenter</a>
    <a>com.gplushub.calendarcleaner</a>
    <a>cn.weli.story</a>
    <a>com.tmall.wireless</a>
    <a>com.nearme.note</a>
    <a>com.gorgeous.lite</a>
    <a>com.sgshd.nearme.gamecenter</a>
    <a>com.bokecc.dance</a>
    <a>com.green.ibook</a>
    <a>com.ucmobile.lite</a>
    <a>com.benqu.wuta</a>
    <a>com.tencent.qqgame.qqhlupwvga</a>
    <a>com.cfgame.dtmj</a>
    <a>com.hongxiu.app</a>
    <a>com.biquge.book.noverls</a>
    <a>com.moji.mjweather</a>
    <a>com.skyplatanus.crucio</a>
    <a>com.qs.xy.xyqp</a>
    <a>com.tencent.tmgp.supercell.clashroyale</a>
    <a>com.melon.lazymelon</a>
    <a>com.android.bankabc</a>
    <a>com.tencent.pao</a>
    <a>com.supercell.clashroyale.nearme.gamecenter</a>
    <a>com.xfplay.play</a>
    <a>com.huanshou.taojj</a>
    <a>com.facebook.lite</a>
    <a>com.rocket.sky.shooter</a>
    <a>com.king.candycrushsaga</a>
    <a>com.supercell.clashofclans</a>
    <a>com.cleanmaster.mguard</a>
    <a>com.roidapp.photogrid</a>
    <a>com.outfit7.mytalkingtomfree</a>
    <a>com.picsart.studio</a>
    <a>com.goibibo</a>
    <a>com.kiloo.subwaysurf</a>
    <a>com.king.candycrushsodasaga</a>
    <a>com.commsource.beautyplus</a>
    <a>com.lbe.parallel.intl</a>
    <a>com.yellotalk.android</a>
    <a>com.outfit7.mytalkingangelafree</a>
    <a>com.whatgames.android.ANMP.GloftBOHM</a>
    <a>com.mobile.legends</a>
    <a>com.security.antivirus.free.cm</a>
    <a>in.redbus.android</a>
    <a>com.miniclip.eightballpool</a>
    <a>com.cricbuzz.android</a>
    <a>com.bravolol.bravolang.englishchinesedictionary</a>
    <a>com.supercell.clashroyale</a>
    <a>com.uc.iflow</a>
    <a>com.redkoda.chinesepokermultiplayer</a>
    <a>com.kfc.malaysia</a>
    <a>com.qidian.lnt.reader</a>
    <a>com.king.farmheroessaga</a>
    <a>com.beetalk</a>
    <a>com.waze</a>
    <a>com.appmag.endless.temple.princessfinaljungleozrunfrozen</a>
    <a>com.firsttouchgames.dls3</a>
    <a>com.aim.racing</a>
    <a>com.outfit7.talkingtomgoldrun</a>
    <a>com.locos.MBS</a>
    <a>org.detikcom.rss</a>
    <a>com.linecorp.LGPKPK</a>
    <a>com.nianticlabs.pokemongo</a>
    <a>com.campmobile.launcher</a>
    <a>com.jb.gosms</a>
    <a>gsn.game.zingplaynew3</a>
    <a>com.king.candycrushjellysaga</a>
    <a>com.rarlab.rar</a>
    <a>com.playrix.gardenscapes</a>
    <a>com.netqin.ps</a>
    <a>com.king.blossomblast</a>
    <a>com.jio.media.jiobeats</a>
    <a>com.appstar.callrecorder</a>
    <a>com.ace.cleaner</a>
    <a>org.mozilla.firefox</a>
    <a>com.bukalapak.android</a>
    <a>com.playrix.township</a>
    <a>me.pou.app</a>
    <a>com.ansangha.drjb</a>
    <a>com.teenpatti.hd.gold</a>
    <a>com.appsomniacs.da2</a>
    <a>com.mobond.mindicator</a>
    <a>com.snapwork.hdfc</a>
    <a>com.facebook.pages.app</a>
    <a>com.twincorp.bancaonline</a>
    <a>com.outfit7.mytalkinghank</a>
    <a>com.cootek.smartinputv5</a>
    <a>com.myairtelapp</a>
    <a>com.mobiusx.live4dresults</a>
    <a>com.fingersoft.hillclimb</a>
    <a>com.colorswitch.switch2</a>
    <a>com.custom.pickmeup</a>
    <a>bri.delivery.brimobile</a>
    <a>com.sky.funnyfruitsplash</a>
    <a>com.king.bubblewitch3</a>
    <a>net.peakgames.amy</a>
    <a>com.king.farmheroessupersaga</a>
    <a>com.ecogame.eggshoot</a>
    <a>com.assassingames.ninjafrogrope</a>
    <a>com.lemongame.klondike.solitaire</a>
    <a>com.olx.southasia</a>
    <a>com.thecarousell.Carousell</a>
    <a>com.ea.games.r3_row</a>
    <a>com.estrongs.android.pop</a>
    <a>com.campmobile.launcher</a>
    <a>com.mventus.selfcare.activity</a>
    <a>com.vng.inputmethod.labankey</a>
    <a>com.google.android.apps.plus</a>
    <a>com.fingersoft.hcr2</a>
    <a>com.adobe.psmobile</a>
    <a>com.gojek.driver.sg.car</a>
    <a>com.kgs.housedesigner</a>
    <a>com.outfit7.talkingtom</a>
    <a>com.vn.dic.e.v.ui</a>
    <a>com.gameloft.android.ANMP.GloftA8HM</a>
    <a>com.penguinstd.gnr</a>
    <a>com.media.digital</a>
    <a>com.popularapp.periodcalendar</a>
    <a>com.garena.game.fomvn</a>
    <a>com.antivirus.speed.cleaner</a>
    <a>vn.gamehn.danhbaitangxugamevn</a>
    <a>com.ss.android.eyeu</a>
    <a>com.launcher.s8.galaxys.launcher</a>
    <a>cooking.crush.cooking.talent</a>
    <a>com.microsoft.office.word</a>
    <a>com.mudah.my</a>
    <a>com.cam001.selfie</a>
    <a>com.aladinfun.clashofsky_th_pig</a>
    <a>com.fungames.sniper3d</a>
    <a>com.skgames.trafficrider</a>
    <a>org.zwanoo.android.speedtest</a>
    <a>com.funplus.familyfarm</a>
    <a>com.firsttouchgames.story</a>
    <a>com.BBM1</a>
    <a>com.kakao.talk</a>
    <a>noi.mandiri.mobile</a>
    <a>com.opera.browser</a>
    <a>com.alensw.picfolder</a>
    <a>com.outfit7.talkingtom2free</a>
    <a>im.kumu.ph</a>
    <a>com.ansangha.drdriving</a>
    <a>com.ujoy.rings</a>
    <a>com.playappking.busrush</a>
    <a>com.differencetenderwhite.skirt</a>
    <a>com.digi.portal.mobdev.android</a>
    <a>in.org.npci.upiapp</a>
    <a>com.dropbox.android</a>
    <a>in.swiggy.android</a>
    <a>com.tencent.ibg.camera</a>
    <a>com.nordcurrent.canteenhd</a>
    <a>com.lego.creator.creatorislands</a>
    <a>com.divum.MoneyControl</a>
    <a>com.mobilemotion.dubsmash</a>
    <a>com.foranj.farmparadise</a>
    <a>com.microsoft.office.excel</a>
    <a>HinKhoj.Dictionary</a>
    <a>com.grindrapp.android</a>
    <a>com.ntvv.nongtraivuive</a>
    <a>com.midasplayer.apps.bubblewitchsaga2</a>
    <a>ktbcs.netbank</a>
    <a>com.chicken.shooter.space.defense</a>
    <a>com.freepuzzlegames.logoguessing.quiz</a>
    <a>com.sngict.rummy.gin</a>
    <a>tts.tekatekisilang.appkhamim</a>
    <a>eu.nordeus.topeleven.android</a>
    <a>com.jb.security</a>
    <a>com.hornet.android</a>
    <a>com.qisiemoji.inputmethod</a>
    <a>com.kii.safe</a>
    <a>bubble.shoot.bubbles.game.saga.world</a>
    <a>media.audioplayer.musicplayer</a>
    <a>com.worldbuilding.freegame</a>
    <a>com.iwaredesigns.prosnooker2012</a>
    <a>com.commbank.netbank</a>
    <a>com.king.petrescuesaga</a>
    <a>my.com.maxis.hotlink.production</a>
    <a>com.pure.indosat.care</a>
    <a>com.lenovo.anyshare.gps</a>
    <a>com.google.android.calendar</a>
    <a>com.valvesoftware.android.steam.community</a>
    <a>com.rovio.angrybirds</a>
    <a>com.cmcm.whatscall</a>
    <a>com.stickmanchams.elite.shooter.strikeforce</a>
    <a>com.pubgmafia.hero.stickman.grand.ropehero</a>
    <a>com.nintendo.zara</a>
    <a>com.minimo.miniracingadventures</a>
    <a>com.MobileTicket</a>
    <a>com.lulu.lulubox</a>
    <a>com.android.vending</a>
    <a>com.zing.zalo</a>
    <a>com.lazada.android</a>
    <a>com.google.android.gm</a>
    <a>com.zing.mp3</a>
    <a>com.dridev.kamusku</a>
    <a>com.gojek.app</a>
    <a>com.mind.quiz.brain.out</a>
    <a>mobi.mangatoon.comics.aphone</a>
    <a>com.waze</a>
    <a>com.nemo.vidmate</a>
    <a>com.imaginstudio.imagetools.pixellab</a>
    <a>com.qidian.Int.reader</a>
    <a>com.digi.portal.mobdev.android</a>
    <a>com.mxtech.videoplayer.ad</a>
    <a>com.spotify.music</a>
    <a>com.apple.android.music</a>
    <a>com.maxmpz.audioplayer</a>
    <a>com.fiio.music</a>
    <a>com.neutroncode.mp</a>
    <a>com.extreamsd.usbaudioplayerpro</a>
    <a>com.aspiro.tidal</a>
    <a>com.qobuz.music</a>
    <a>ru.yandex.music</a>
    <a>com.tencent.weishi</a>
    <a>com.facebook.orca</a>
    <a>com.whatsapp</a>
    <a>com.snapchat.android</a>
    <a>com.qihoo.cleandroid_cn</a>
    <a>com.lechuan.mdwz</a>
    <a>com.qihoo.browser</a>
    <a>com.qihoo360.mobilesafe</a>
    <a>com.mobikeeper.sjgj</a>
    <a>com.tencent.videolite.android</a>
    <a>com.ubercab</a>
    <a>com.ss.android.ugc.aweme.lite</a>
    <a>com.twitter.android</a>
    <a>com.shopee.id</a>
    <a>com.shopee.ph</a>
    <a>com.google.android.apps.youtube.music</a>
    <a>com.immomo.momo</a>
    <a>com.dewmobile.kuaiya.play</a>
    <a>com.linkit.bimatri</a>
    <a>com.google.android.dialer</a>
    <a>com.google.android.contacts</a>
    <a>com.google.android.calendar</a>
    <a>com.coloros.gallery3d</a>
    <a>com.instagram.android</a>
    <a>com.ss.android.ugc.trill</a>
    <a>jp.naver.line.android</a>
    <a>org.telegram.messenger</a>
    <a>org.thunderdog.challegram</a>
    <a>com.truecaller</a>
    <a>com.adobe.lrmobile</a>
    <a>com.starmakerinteractive.starmaker</a>
    <a>com.booking</a>
    <a>com.UCMobile.intl</a>
    <a>com.google.android.apps.maps</a>
    <a>com.heytap.music</a>
    <a>io.silvrr.installment</a>
    <a>com.tencent.qqlivei18n</a>
    <a>com.wawj.app.t</a>
    <a>com.pingan.carowner</a>
    <a>com.xb.topnews</a>
    <a>com.jakarta.baca.lite</a>
    <a>com.gorgeous.liteinternational</a>
    <a>com.zhiliaoapp.musically</a>
    <a>com.lemon.lvoverseas</a>
    <a>com.intsig.camscanner</a>
    <a>com.oplus.camera</a>
    <a>com.google.android.webview</a>
    <a>com.chinamworld.bocmbci</a>
    <a>com.meta.box</a>
    <a>com.chinamworld.main</a>
    <a>com.opera.browser.beta</a>
    <a>com.opera.browser</a>
    <a>com.chrome.dev</a>
    <a>com.chrome.beta</a>
    <a>com.chrome.canary</a>
    <a>org.mozilla.klar</a>
    <a>org.mozilla.firefox</a>
    <a>com.microsoft.emmx</a>
    <a>org.torproject.torbrowser</a>
    <a>com.duckduckgo.mobile.android</a>
    <a>com.greenpoint.android.mc10086.activity</a>
    <a>com.ct.client</a>
    <a>com.heytap.browser</a>
    <a>com.alibaba.wireless</a>
    <a>in.amazon.mShop.android.shopping</a>
    <a>com.microsoft.amp.apps.bingnews</a>
    <a>com.whatsapp.w4b</a>
    <a>com.telkom.tracencare</a>
    <a>com.android.chrome</a>
    <a>com.pinterest</a>
    <a>com.heytap.market</a>
    <a>com.video.fun.app</a>
    <a>com.globe.gcash.android</a>
    <a>com.Tobit.android.Slitte66800108781</a>
    <a>com.lietou.mishu</a>
    <a>com.coolapk.market</a>
    <a>com.coloros.assistanscreen</a>
    <c>com.lietou.mishu</c>
    <c>com.coolapk.market</c>
    <c>com.coloros.assistanscreen</c>
    <c>com.ss.android.ugc.aweme.lite</c>
    <c>com.ss.android.ugc.aweme</c>
    <c>com.smile.gifmaker</c>
    <c>com.tencent.qqlive</c>
    <c>com.qiyi.video</c>
    <c>com.ss.android.article.news</c>
    <c>com.ss.android.article.video</c>
    <c>com.baidu.searchbox</c>
    <c>com.ss.android.ugc.live</c>
    <c>com.taobao.taobao</c>
    <c>com.happyelements.AndroidAnimal</c>
    <c>com.xunmeng.pinduoduo</c>
    <c>com.ss.android.article.lite</c>
    <c>com.kugou.android</c>
    <c>com.UCMobile</c>
    <c>com.eg.android.AlipayGphone</c>
    <c>cn.xuexi.android</c>
    <c>com.youku.phone</c>
    <c>com.kmxs.reader</c>
    <c>tv.danmaku.bili</c>
    <c>com.lechuan.midunovel</c>
    <c>com.jifen.qukan</c>
    <c>com.sina.weibo</c>
    <c>com.baidu.haokan</c>
    <c>com.hunantv.imgo.activity</c>
    <c>com.minitech.miniworld.nearme.gamecenter</c>
    <c>com.duowan.kiwi</c>
    <c>com.qqgame.hlddz</c>
    <c>com.le123.ysdq</c>
    <c>com.sdu.didi.gsui</c>
    <c>com.tencent.mtt</c>
    <c>com.autonavi.minimap</c>
    <c>com.ushaqi.zhuishushenqi.adfree</c>
    <c>com.netease.cloudmusic</c>
    <c>com.tencent.tmgp.speedmobile</c>
    <c>com.tencent.news</c>
    <c>com.tencent.karaoke</c>
    <c>com.tencent.qqmusic</c>
    <c>air.tv.douyu.android</c>
    <c>com.sup.android.superb</c>
    <c>com.qq.reader</c>
    <c>com.android.calculator2</c>
    <c>cn.jj</c>
    <c>com.sankuai.meituan</c>
    <c>com.baidu.searchbox.lite</c>
    <c>com.jm.video</c>
    <c>com.chaozh.iReader.dj</c>
    <c>com.tencent.peng</c>
    <c>com.tencent.KiHan</c>
    <c>com.zsqbmfxs.novel</c>
    <c>com.qqgame.happymj</c>
    <c>com.ztgame.bob</c>
    <c>tv.pps.mobile</c>
    <c>com.qiyi.video.reader</c>
    <c>cn.xiaochuankeji.zuiyouLite</c>
    <c>cn.xiaochuankeji.tieba</c>
    <c>com.snda.wifilocating</c>
    <c>com.yuewen.cooperate.reader.free</c>
    <c>com.handsgo.jiakao.android</c>
    <c>com.nearme.gamecenter.ddz.nearme.gamecenter</c>
    <c>com.sankuai.meituan.dispatch.homebrew</c>
    <c>com.mianfeizs.book</c>
    <c>com.tencent.qqgame.xq</c>
    <c>com.xingin.xhs</c>
    <c>com.zengame.zrttddz.nearme.gamecenter</c>
    <c>com.netease.tom.nearme.gamecenter</c>
    <c>com.qihoo.haosou.subscribe.vertical.book</c>
    <c>com.cashtoutiao</c>
    <c>com.baidu.homework</c>
    <c>com.baidu.BaiduMap</c>
    <c>com.meta.xyx</c>
    <c>com.tadu.read</c>
    <c>com.netease.mc.nearme.gamecenter</c>
    <c>com.netease.dwrg.nearme.gamecenter</c>
    <c>com.wifi.reader.free</c>
    <c>com.ximalaya.ting.android</c>
    <c>com.shuqi.controller</c>
    <c>com.mahjong.sichuang</c>
    <c>com.chaozh.iReaderFree</c>
    <c>com.tencent.ig</c>
    <c>com.sogou.activity.src</c>
    <c>com.jingdong.app.mall</c>
    <c>com.xunlei.downloadprovider</c>
    <c>com.sofunny.Sausage</c>
    <c>cc.quanben.novel</c>
    <c>com.lemon.faceu</c>
    <c>com.babycloud.hanju</c>
    <c>com.tencent.tmgp.WePop</c>
    <c>com.mt.mtxx.mtxx</c>
    <c>tv.yixia.bobo</c>
    <c>com.happyelements.AndroidAnimal.qq</c>
    <c>com.ledou.mhhy.nearme.gamecenter</c>
    <c>com.outfit7.talkingtomgoldrun.nearme.gamecenter</c>
    <c>com.ushaqi.zhuishushenqi</c>
    <c>com.ophone.reader.ui</c>
    <c>com.duowan.mobile</c>
    <c>com.ifreetalk.ftalk</c>
    <c>com.campmobile.snowcamera</c>
    <c>com.kuaikan.comic</c>
    <c>com.alibaba.android.rimet</c>
    <c>com.netease.mrzh.nearme.gamecenter</c>
    <c>com.tencent.weread</c>
    <c>com.songheng.eastnews</c>
    <c>com.qukandian.video</c>
    <c>com.tencent.gwgo</c>
    <c>com.qidian.QDReader</c>
    <c>com.faloo.BookReader4Android</c>
    <c>com.zhihu.android</c>
    <c>com.supercell.clashofclans.nearme.gamecenter</c>
    <c>com.google.android.youtube</c>
    <c>com.mampod.ergedd</c>
    <c>com.june.doudizhu.nearme.gamecenter</c>
    <c>com.achievo.vipshop</c>
    <c>com.tencent.tmgp.supercell.clashofclans</c>
    <c>org.xianliao</c>
    <c>me.ele</c>
    <c>com.jjwxc.reader</c>
    <c>com.tencent.tmgp.qqx5</c>
    <c>com.baidu.tieba</c>
    <c>com.yundongquan.sya</c>
    <c>com.outfit7.mytalkingtom2.nearme.gamecenter</c>
    <c>com.sankuai.meituan.takeoutnew</c>
    <c>com.lezou51.app</c>
    <c>com.wepie.snake.nearme.gamecenter</c>
    <c>com.xianlai.guandan</c>
    <c>me.ele.hbdteam</c>
    <c>com.lalamove.huolala.driver</c>
    <c>com.baidu.minivideo</c>
    <c>cn.kuwo.player</c>
    <c>com.xiaobanlong.main</c>
    <c>cn.wlantv.kznk</c>
    <c>com.netease.onmyoji.nearme.gamecenter</c>
    <c>com.sankuai.meituan.dispatch.crowdsource</c>
    <c>com.facebook.katana</c>
    <c>com.hypergryph.arknights</c>
    <c>com.qihoo.video</c>
    <c>com.meitu.meiyancamera</c>
    <c>com.tencent.reading</c>
    <c>com.mianfeia.book</c>
    <c>com.tencent.lzhx</c>
    <c>cn.youth.news</c>
    <c>com.happyelements.AndroidAnimal.ad</c>
    <c>com.sdu.didi.psnger</c>
    <c>com.wifi.reader</c>
    <c>com.quark.browser</c>
    <c>com.netease.newsreader.activity</c>
    <c>cn.wps.moffice_eng</c>
    <c>com.taobao.idlefish</c>
    <c>com.tencent.radio</c>
    <c>com.jz.youyu</c>
    <c>c.l.a</c>
    <c>com.baidu.yuedu</c>
    <c>com.wuba</c>
    <c>com.pingan.easyloan</c>
    <c>com.tencent.tmgp.wbdp</c>
    <c>com.hipu.yidian</c>
    <c>com.cmcc.cmvideo</c>
    <c>com.ChillyRoom.nearme.gamecenter</c>
    <c>com.all.video</c>
    <c>com.cubic.autohome</c>
    <c>com.qqgame.mic</c>
    <c>com.brianbaek.popstar</c>
    <c>com.sy.ydcs.nearme.gamecenter</c>
    <c>com.tencent.shootgame</c>
    <c>com.netease.my.nearme.gamecenter</c>
    <c>com.wedobest.xiangqi.nearme.gamecenter</c>
    <c>com.gplushub.calendarcleaner</c>
    <c>cn.weli.story</c>
    <c>com.tmall.wireless</c>
    <c>com.nearme.note</c>
    <c>com.gorgeous.lite</c>
    <c>com.sgshd.nearme.gamecenter</c>
    <c>com.bokecc.dance</c>
    <c>com.green.ibook</c>
    <c>com.ucmobile.lite</c>
    <c>com.benqu.wuta</c>
    <c>com.tencent.qqgame.qqhlupwvga</c>
    <c>com.cfgame.dtmj</c>
    <c>com.hongxiu.app</c>
    <c>com.biquge.book.noverls</c>
    <c>com.moji.mjweather</c>
    <c>com.skyplatanus.crucio</c>
    <c>com.qs.xy.xyqp</c>
    <c>com.tencent.tmgp.supercell.clashroyale</c>
    <c>com.melon.lazymelon</c>
    <c>com.android.bankabc</c>
    <c>com.tencent.pao</c>
    <c>com.supercell.clashroyale.nearme.gamecenter</c>
    <c>com.xfplay.play</c>
    <c>com.huanshou.taojj</c>
    <c>com.facebook.lite</c>
    <c>com.rocket.sky.shooter</c>
    <c>com.king.candycrushsaga</c>
    <c>com.supercell.clashofclans</c>
    <c>com.cleanmaster.mguard</c>
    <c>com.roidapp.photogrid</c>
    <c>com.outfit7.mytalkingtomfree</c>
    <c>com.picsart.studio</c>
    <c>com.goibibo</c>
    <c>com.kiloo.subwaysurf</c>
    <c>com.king.candycrushsodasaga</c>
    <c>com.commsource.beautyplus</c>
    <c>com.lbe.parallel.intl</c>
    <c>com.yellotalk.android</c>
    <c>com.outfit7.mytalkingangelafree</c>
    <c>com.whatgames.android.ANMP.GloftBOHM</c>
    <c>com.mobile.legends</c>
    <c>com.security.antivirus.free.cm</c>
    <c>in.redbus.android</c>
    <c>com.miniclip.eightballpool</c>
    <c>com.cricbuzz.android</c>
    <c>com.bravolol.bravolang.englishchinesedictionary</c>
    <c>com.supercell.clashroyale</c>
    <c>com.uc.iflow</c>
    <c>com.redkoda.chinesepokermultiplayer</c>
    <c>com.kfc.malaysia</c>
    <c>com.qidian.lnt.reader</c>
    <c>com.king.farmheroessaga</c>
    <c>com.beetalk</c>
    <c>com.waze</c>
    <c>com.appmag.endless.temple.princessfinaljungleozrunfrozen</c>
    <c>com.firsttouchgames.dls3</c>
    <c>com.aim.racing</c>
    <c>com.outfit7.talkingtomgoldrun</c>
    <c>com.locos.MBS</c>
    <c>org.detikcom.rss</c>
    <c>com.linecorp.LGPKPK</c>
    <c>com.nianticlabs.pokemongo</c>
    <c>com.campmobile.launcher</c>
    <c>com.jb.gosms</c>
    <c>gsn.game.zingplaynew3</c>
    <c>com.king.candycrushjellysaga</c>
    <c>com.rarlab.rar</c>
    <c>com.playrix.gardenscapes</c>
    <c>com.netqin.ps</c>
    <c>com.king.blossomblast</c>
    <c>com.jio.media.jiobeats</c>
    <c>com.appstar.callrecorder</c>
    <c>com.ace.cleaner</c>
    <c>org.mozilla.firefox</c>
    <c>com.bukalapak.android</c>
    <c>com.playrix.township</c>
    <c>me.pou.app</c>
    <c>com.ansangha.drjb</c>
    <c>com.teenpatti.hd.gold</c>
    <c>com.appsomniacs.da2</c>
    <c>com.mobond.mindicator</c>
    <c>com.snapwork.hdfc</c>
    <c>com.facebook.pages.app</c>
    <c>com.twincorp.bancaonline</c>
    <c>com.outfit7.mytalkinghank</c>
    <c>com.cootek.smartinputv5</c>
    <c>com.myairtelapp</c>
    <c>com.mobiusx.live4dresults</c>
    <c>com.fingersoft.hillclimb</c>
    <c>com.colorswitch.switch2</c>
    <c>com.custom.pickmeup</c>
    <c>bri.delivery.brimobile</c>
    <c>com.sky.funnyfruitsplash</c>
    <c>com.king.bubblewitch3</c>
    <c>net.peakgames.amy</c>
    <c>com.king.farmheroessupersaga</c>
    <c>com.ecogame.eggshoot</c>
    <c>com.assassingames.ninjafrogrope</c>
    <c>com.lemongame.klondike.solitaire</c>
    <c>com.olx.southasia</c>
    <c>com.thecarousell.Carousell</c>
    <c>com.ea.games.r3_row</c>
    <c>com.estrongs.android.pop</c>
    <c>com.campmobile.launcher</c>
    <c>com.mventus.selfcare.activity</c>
    <c>com.vng.inputmethod.labankey</c>
    <c>com.google.android.apps.plus</c>
    <c>com.fingersoft.hcr2</c>
    <c>com.adobe.psmobile</c>
    <c>com.gojek.driver.sg.car</c>
    <c>com.kgs.housedesigner</c>
    <c>com.outfit7.talkingtom</c>
    <c>com.vn.dic.e.v.ui</c>
    <c>com.gameloft.android.ANMP.GloftA8HM</c>
    <c>com.penguinstd.gnr</c>
    <c>com.media.digital</c>
    <c>com.popularapp.periodcalendar</c>
    <c>com.garena.game.fomvn</c>
    <c>com.antivirus.speed.cleaner</c>
    <c>vn.gamehn.danhbaitangxugamevn</c>
    <c>com.ss.android.eyeu</c>
    <c>com.launcher.s8.galaxys.launcher</c>
    <c>cooking.crush.cooking.talent</c>
    <c>com.microsoft.office.word</c>
    <c>com.mudah.my</c>
    <c>com.cam001.selfie</c>
    <c>com.aladinfun.clashofsky_th_pig</c>
    <c>com.fungames.sniper3d</c>
    <c>com.skgames.trafficrider</c>
    <c>org.zwanoo.android.speedtest</c>
    <c>com.funplus.familyfarm</c>
    <c>com.firsttouchgames.story</c>
    <c>com.BBM1</c>
    <c>com.kakao.talk</c>
    <c>noi.mandiri.mobile</c>
    <c>com.opera.browser</c>
    <c>com.alensw.picfolder</c>
    <c>com.outfit7.talkingtom2free</c>
    <c>im.kumu.ph</c>
    <c>com.ansangha.drdriving</c>
    <c>com.ujoy.rings</c>
    <c>com.playappking.busrush</c>
    <c>com.differencetenderwhite.skirt</c>
    <c>com.digi.portal.mobdev.android</c>
    <c>in.org.npci.upiapp</c>
    <c>com.dropbox.android</c>
    <c>in.swiggy.android</c>
    <c>com.tencent.ibg.camera</c>
    <c>com.nordcurrent.canteenhd</c>
    <c>com.lego.creator.creatorislands</c>
    <c>com.divum.MoneyControl</c>
    <c>com.mobilemotion.dubsmash</c>
    <c>com.foranj.farmparadise</c>
    <c>com.microsoft.office.excel</c>
    <c>HinKhoj.Dictionary</c>
    <c>com.grindrapp.android</c>
    <c>com.ntvv.nongtraivuive</c>
    <c>com.midasplayer.apps.bubblewitchsaga2</c>
    <c>ktbcs.netbank</c>
    <c>com.chicken.shooter.space.defense</c>
    <c>com.freepuzzlegames.logoguessing.quiz</c>
    <c>com.sngict.rummy.gin</c>
    <c>tts.tekatekisilang.appkhamim</c>
    <c>eu.nordeus.topeleven.android</c>
    <c>com.jb.security</c>
    <c>com.hornet.android</c>
    <c>com.qisiemoji.inputmethod</c>
    <c>com.kii.safe</c>
    <c>bubble.shoot.bubbles.game.saga.world</c>
    <c>media.audioplayer.musicplayer</c>
    <c>com.worldbuilding.freegame</c>
    <c>com.iwaredesigns.prosnooker2012</c>
    <c>com.commbank.netbank</c>
    <c>com.king.petrescuesaga</c>
    <c>my.com.maxis.hotlink.production</c>
    <c>com.pure.indosat.care</c>
    <c>com.lenovo.anyshare.gps</c>
    <c>com.google.android.calendar</c>
    <c>com.valvesoftware.android.steam.community</c>
    <c>com.rovio.angrybirds</c>
    <c>com.cmcm.whatscall</c>
    <c>com.stickmanchams.elite.shooter.strikeforce</c>
    <c>com.pubgmafia.hero.stickman.grand.ropehero</c>
    <c>com.nintendo.zara</c>
    <c>com.minimo.miniracingadventures</c>
    <c>com.MobileTicket</c>
    <c>com.lulu.lulubox</c>
    <c>com.android.vending</c>
    <c>com.zing.zalo</c>
    <c>com.lazada.android</c>
    <c>com.google.android.gm</c>
    <c>com.zing.mp3</c>
    <c>com.dridev.kamusku</c>
    <c>com.gojek.app</c>
    <c>com.mind.quiz.brain.out</c>
    <c>mobi.mangatoon.comics.aphone</c>
    <c>com.waze</c>
    <c>com.nemo.vidmate</c>
    <c>com.imaginstudio.imagetools.pixellab</c>
    <c>com.qidian.Int.reader</c>
    <c>com.digi.portal.mobdev.android</c>
    <c>com.mxtech.videoplayer.ad</c>
    <c>com.spotify.music</c>
    <c>com.tencent.weishi</c>
    <c>com.facebook.orca</c>
    <c>com.whatsapp</c>
    <c>com.snapchat.android</c>
    <c>com.qihoo.cleandroid_cn</c>
    <c>com.lechuan.mdwz</c>
    <c>com.qihoo.browser</c>
    <c>com.qihoo360.mobilesafe</c>
    <c>com.mobikeeper.sjgj</c>
    <c>com.tencent.videolite.android</c>
    <c>com.ubercab</c>
    <c>com.immomo.momo</c>
    <c>com.google.android.dialer</c>
    <c>com.google.android.contacts</c>
    <c>com.google.android.calendar</c>
    <c>com.coloros.gallery3d</c>
    <c>com.dewmobile.kuaiya.play</c>
    <c>com.linkit.bimatri</c>
    <c>com.instagram.android</c>
    <c>com.ss.android.ugc.trill</c>
    <c>jp.naver.line.android</c>
    <c>org.telegram.messenger</c>
    <c>org.thunderdog.challegram</c>
    <c>com.truecaller</c>
    <c>com.adobe.lrmobile</c>
    <c>com.starmakerinteractive.starmaker</c>
    <c>com.booking</c>
    <c>com.UCMobile.intl</c>
    <c>com.google.android.apps.maps</c>
    <c>io.silvrr.installment</c>
    <c>com.tencent.qqlivei18n</c>
    <c>com.wawj.app.t</c>
    <c>com.pingan.carowner</c>
    <c>com.xb.topnews</c>
    <c>com.jakarta.baca.lite</c>
    <c>com.gorgeous.liteinternational</c>
    <c>com.zhiliaoapp.musically</c>
    <c>com.lemon.lvoverseas</c>
    <c>com.intsig.camscanner</c>
    <c>com.oplus.camera</c>
    <c>com.google.android.webview</c>
    <c>com.chinamworld.bocmbci</c>
    <c>com.meta.box</c>
    <c>com.chinamworld.main</c>
    <c>com.opera.browser.beta</c>
    <c>com.opera.browser</c>
    <c>com.chrome.dev</c>
    <c>com.chrome.beta</c>
    <c>com.chrome.canary</c>
    <c>org.mozilla.klar</c>
    <c>org.mozilla.firefox</c>
    <c>com.microsoft.emmx</c>
    <c>org.torproject.torbrowser</c>
    <c>com.duckduckgo.mobile.android</c>
    <c>com.ct.client</c>
    <c>com.heytap.browser</c>
    <c>com.alibaba.wireless</c>
    <c>in.amazon.mShop.android.shopping</c>
    <c>com.microsoft.amp.apps.bingnews</c>
    <c>com.whatsapp.w4b</c>
    <c>com.telkom.tracencare</c>
    <c>com.android.chrome</c>
    <c>com.pinterest</c>
    <c>com.heytap.market</c>
    <c>com.video.fun.app</c>
    <c>com.globe.gcash.android</c>
    <c>com.Tobit.android.Slitte66800108781</c>
    <d>com.sina.weibo</d>
    <d>com.tencent.mm</d>
    <e>com.ss.android.ugc.aweme</e>
    <e>com.ss.android.ugc.aweme.lite</e>
    <e>com.tencent.mm</e>
    <e>com.smile.gifmaker</e>
    <e>com.ss.android.article.news</e>
    <e>com.ss.android.article.lite</e>
    <e>com.kuaishou.nebula</e>
    <e>com.taobao.taobao</e>
    <e>com.dragon.read</e>
    <e>com.ss.android.ugc.live</e>
    <e>com.eg.android.AlipayGphone</e>
    <e>com.sankuai.meituan</e>
    <e>com.jingdong.app.mall</e>
    <e>com.baidu.tieba</e>
    <g>com.tencent.mm.ui.LauncherUI</g>
    <h>com.tencent.mm</h>
    <h>com.ss.android.ugc.aweme</h>
    <h>com.smile.gifmaker</h>
    <h>com.duowan.kiwi</h>
    <h>com.sankuai.meituan</h>
    <h>com.eg.android.AlipayGphone</h>
    <h>com.xingin.xhs</h>
    <h>com.ss.android.article.news</h>
    <h>com.ss.android.ugc.aweme.lite</h>
    <h>com.tencent.mobileqq</h>
    <h>com.tencent.qqlive</h>
    <h>com.tencent.wework</h>
    <h>com.oplus.autotest.otest.phenix</h>
    <h>com.kugou.android</h>
    <h>com.jingdong.app.mall</h>
    <h>com.sina.weibo</h>
    <h>com.tencent.qqmusic</h>
    <h>com.kuaishou.nebula</h>
    <h>com.xunlei.downloadprovider</h>
    <h>tv.danmaku.bili</h>
    <h>com.alibaba.android.rimet</h>
    <h>com.ss.android.article.video</h>
    <h>com.xunmeng.pinduoduo</h>
    <h>com.taobao.taobao</h>
    <h>com.garmin.android.apps.connectmobile</h>
</filter-conf>
