<filter-conf>
    <version>20250329</version>
    <isOpen>1</isOpen>
    <filter-name>sys_startingwindow_config_list</filter-name>
    <quick_back_feature_open>true</quick_back_feature_open>
    <quick_back_hot_launch_white>com.tencent.mm</quick_back_hot_launch_white>
    <quick_back_hot_launch_white>com.tencent.mobileqq</quick_back_hot_launch_white>
    <quick_back_hot_launch_white>com.tencent.mtt</quick_back_hot_launch_white>
    <quick_back_hot_launch_white>com.luna.music</quick_back_hot_launch_white>
    <quick_back_hot_launch_white>com.heytap.music</quick_back_hot_launch_white>
    <quick_back_hot_launch_white>com.heytap.browser</quick_back_hot_launch_white>
    <quick_back_hot_launch_white>com.heytap.market</quick_back_hot_launch_white>
    <quick_back_hot_launch_white>com.coloros.gallery3d</quick_back_hot_launch_white>
    <quick_back_hot_launch_white>com.ss.android.ugc.aweme.lite</quick_back_hot_launch_white>
    <quick_back_hot_launch_white>com.canva.editor</quick_back_hot_launch_white>
    <quick_back_hot_launch_white>com.hp.printercontrol</quick_back_hot_launch_white>
    <quick_back_hot_launch_white>com.kiloo.subwaysurf</quick_back_hot_launch_white>
    <quick_back_hot_launch_white>com.snaptube.premium</quick_back_hot_launch_white>
    <quick_back_hot_launch_white>com.autonavi.minimap</quick_back_hot_launch_white>
    <quick_back_hot_launch_white>com.opera.mini.native</quick_back_hot_launch_white>
    <quick_back_hot_launch_white>com.jpl.jiomart</quick_back_hot_launch_white>
    <quick_back_hot_launch_white>com.jio.myjio/.dashboard.activities.DashboardActivity</quick_back_hot_launch_white>
    <quick_back_hot_launch_black>com.zhihu.android/.app.ui.activity.QAHostActivity</quick_back_hot_launch_black>
    <quick_back_hot_launch_black>com.dragon.read/.ad.openingscreenad.OpeningScreenADActivity</quick_back_hot_launch_black>
    <quick_back_hot_launch_black>com.tencent.mm/.plugin.appbrand.launching.AppBrandLaunchProxyUI</quick_back_hot_launch_black>
    <quick_back_hot_launch_black>com.tencent.mm/.plugin.account.ui.WelcomeActivity</quick_back_hot_launch_black>
    <quick_back_hot_launch_black>com.tencent.mm/.plugin.account.ui.LoginPasswordUI</quick_back_hot_launch_black>
    <quick_back_cold_launch_white>com.taobao.idlefish</quick_back_cold_launch_white>
    <quick_back_cold_launch_white>com.baidu.netdisk</quick_back_cold_launch_white>
    <a>com.coloros.gallery3d</a>
    <a>com.oppo.camera</a>
    <a>com.oplus.camera</a>
    <a>com.coloros.onekeylockscreen</a>
    <a>com.coloros.childrenspace</a>
    <a>com.heytap.quicksearchbox</a>
    <a>com.realmecomm.app</a>
    <a>com.heytap.cloud</a>
    <b>com.coloros.encryption/com.coloros.safe.password.FileSafeActivity</b>
    <b>com.android.settings/.applications.InstalledAppDetails</b>
    <b>com.oppo.launcher/com.android.launcher3.proxy.ProxyActivityStarter</b>
    <b>com.heytap.speechassist/.guide.guidepage.GuideActivity</b>
    <b>com.android.settings/.Settings$ZenModeSettingsActivity</b>
    <b>com.android.settings/.Settings$ChannelNotificationSettingsActivity</b>
    <b>com.android.settings/.Settings$AppNotificationSettingsActivity</b>
    <b>com.android.settings/.Settings$AccessibilityDetailsSettingsActivity</b>
    <b>com.android.settings/com.oplus.settings.privacy.ConfirmNumberPrivacy</b>
    <b>com.android.settings/com.oplus.settings.privacy.ConfirmGenericPrivacy</b>
    <b>com.android.settings/com.oplus.settings.privacy.ConfirmPatternPrivacy</b>
    <d>com.oneplus.gallery/com.oneplus.gallery2.VideoPlayerActivity</d>
    <d>com.oplus.logkit/.collect.activity.CollectActivity</d>
    <e>com.coloros.familyguard</e>
    <e>com.oneplus.opscout</e>
    <e>com.oplus.screenrecorder</e>
    <f>cn.wps.moffice_eng/cn.wps.moffice.main.StartPublicActivity</f>
    <f>cn.wps.moffice_eng/cn.wps.widget.newdocument.NewDocumengtTransitActivity</f>
    <f>com.android.phone/.settings.PhoneAccountSettingsActivity</f>
    <f>com.android.phone/.OppoCallFeaturesSetting</f>
    <f>com.android.contacts/com.customize.contacts.activities.CallContactActivity</f>
    <f>com.coloros.calculator/com.android.calculator2.activity.DispatcherActivity</f>
    <f>com.heytap.themestore/com.nearme.themespace.activities.SinglePagerCardActivity</f>
    <f>com.android.systemui/.people.widget.LaunchConversationActivity</f>
    <f>com.oplus.exsystemservice/.fantasywindow.ui.CompatibleDialogRecentTasksActivity</f>
    <f>com.google.android.apps.nbu.paisa.user/com.google.nbu.paisa.flutter.gpay.app.MainActivity</f>
    <f>com.android.settings/.search.SearchResultTrampoline</f>
    <f>com.heytap.themestore/com.oppo.oaps.host.deeplink.WebBridgeActivity</f>
    <f>com.heytap.themestore/com.nearme.themespace.activities.DesktopWidgetReplaceActivity</f>
    <f>com.oplus.wallpapers/.wallpaperpreview.SystemWallpaperPreviewActivity</f>
    <f>com.android.systemui/com.oplus.systemui.aod.surface.AodSurfaceHomeActivity</f>
    <f>com.coloros.bootreg/.security.activity.StatementPage</f>
    <f>com.heytap.market/com.heytap.cdo.client.cards.page.external.recapp.ExternalRecommendAppActivity</f>
    <f>com.oneplus.gallery/com.oplus.gallery.widgetpage.ui.picturemanager.CustomPictureManagerActivity</f>
    <f>com.android.settings/com.oplus.settings.privacy.ChooseGenericPrivacy</f>
    <f>com.android.settings/com.oplus.settings.privacy.ChooseNumberPrivacy</f>
    <f>com.android.settings/com.oplus.settings.privacy.ChooseComplexPrivacy</f>
    <f>com.android.settings/com.oplus.settings.privacy.ChoosePatternPrivacy</f>
    <f>com.android.settings/.password.ConfirmLockPattern$InternalActivity</f>
    <f>com.android.settings/.password.ChooseLockGeneric$InternalActivity</f>
    <f>com.android.settings/.password.ChooseLockPattern</f>
    <f>com.android.settings/.password.ChooseLockPassword</f>
    <f>com.coloros.gallery3d/com.oplus.gallery.main_lib.selection.SelectionActionActivity</f>
    <f>com.coloros.gallery3d/com.oplus.gallery.picture_lib.photoeditor.PhotoEditorActivity</f>
    <f>com.android.server.telecom/.PrivilegedCallActivity</f>
    <f>com.coloros.scenemode/.view.StartGuideActivity</f>
    <f>com.oneplus.note/com.nearme.note.activity.richedit.NoteViewRichEditActivity</f>
    <f>com.android.systemui/com.oplus.systemui.keyguard.keyguardsetting.AffordanceActivity</f>
    <f>com.android.phone/com.android.simsettings.apn.OplusApnPopupActivity</f>
    <f>com.heytap.market/.oaps.compatibility.WebBridgeCompatibleActivity</f>
    <f>com.heytap.market/com.cdo.oaps.host.old.WebBridgeActivity</f>
    <f>com.heytap.health/.linkage.ui.DeviceDetailsPanelActivity</f>
    <f>com.android.mms/.ui.conversation.LaunchConversationActivity</f>
    <f>com.UCMobile.intl/com.uc.browser.business.shortcut.ShortcutFolderActivity</f>
    <f>com.tencent.mm/.plugin.base.stub.WXShortcutEntryActivity</f>
    <f>com.tencent.mm/.plugin.finder.ui.FinderHomeAffinityUI</f>
    <f>com.netease.cloudmusic/.music.biz.appwidgets.view.AppwidgetPlayerRedirectActivity</f>
    <f>com.netease.cloudmusic/.activity.RedirectActivity</f>
    <f>com.tencent.mm/.plugin.base.stub.WXPayEntryActivity</f>
    <f>com.tencent.mm/.plugin.voip.ui.VideoActivity</f>
    <f>com.tencent.qqmusic/.third.DispacherActivityForThird</f>
    <f>com.eg.android.AlipayGphone/com.alipay.mobile.quinox.SchemeLauncherActivity</f>
    <f>com.eg.android.AlipayGphone/com.alipay.android.phone.wallet.shortcuts.bridge.ShortcutsLauncherActivity</f>
    <f>com.chaozh.iReader.dj/com.zhangyue.iReader.read.ui.ReadAppWidgetDispatchActivity</f>
    <f>com.oplus.melody/.onespace.OneSpaceDetailActivity</f>
    <f>com.android.stk/.OplusStkLauncherActivity1</f>
    <f>com.android.stk/.OplusStkLauncherActivity2</f>
    <f>com.android.stk/.OplusStkLauncherActivity3</f>
    <f>com.android.stk/.OplusStkLauncherActivity4</f>
    <f>com.tencent.mm/.plugin.appbrand.outerwidget.entry.WidgetEntryActivity</f>
    <f>com.adakami.dana.kredit.pinjaman/com.idnadakredit.loan.activity.AMain</f>
    <f>com.oplus.eyeprotect/.ui.activity.FirstTileActivity</f>
    <f>com.mytnb.mytnb/crc6465538a373efdeac3.DashboardHomeActivity</f>
    <f>com.alibaba.android.rimet/.biz.fold.DefaultDualActivity</f>
    <f>com.google.ar.lens/com.google.vr.apps.ornament.app.lens.LensLauncherActivity</f>
    <f>tv.danmaku.bili/.appwidget.WidgetTransparentActivity</f>
    <f>me.ele/.application.ui.Launcher.SchemeRouteActivity</f>
    <f>com.sankuai.meituan/.nearby.widget.WidgetRouterActivity</f>
    <f>com.tencent.mm/.ui.ShortCutDispatchActivity</f>
    <f>com.sina.news/.modules.external.callup.activity.RedirectActivity</f>
    <f>com.netflix.NGP.FootballManagerMobile/com.sigames.fmm.fmm2019</f>
    <f>com.netflix.NGP.FootballManagerMobile/com.sigames.fmm.main</f>
    <f>com.android.settings/.Settings$AppNotificationSettingsActivity</f>
    <f>com.cainiao.wireless/.thirdroute.OpenGuoGuoUrlActivity</f>
    <f>com.xingin.xhs/.appwidget.WidgetJumpEmptyActivity</f>
    <f>*/com.tencent.tauth.AuthActivity</f>
    <f>com.google.android.apps.youtube.kids/.splash.SplashScreenActivity</f>
    <f>com.tencent.qqlive/.open.QQLiveOpenActivity</f>
    <f>com.android.packageinstaller/.UninstallerActivity</f>
    <f>cn.TuHu.android/cn.TuHu.Activity.tuhutab.TuHuTabActivity</f>
    <f>com.snda.wifilocating/com.lantern.tools.widget.common.TransitActivity</f>
    <f>com.anjuke.android.app/.mainmodule.WebStarterActivity</f>
    <f>com.coloros.weather2/com.oplus.weather.main.view.miniapp.MiniMainActivity</f>
    <f>tv.danmaku.bili/com.bilibili.digital.widget.intent.DigitalWidgetIntentDispatcherActivity</f>
    <f>tv.danmaku.bili/com.bilibili.digital.widget.add.DigitalAddingAppWidgetActivity</f>
    <f>com.tencent.mobileqq/.activity.JumpActivity</f>
    <g>com.oppo.camera</g>
    <g>com.heytap.quicksearchbox</g>
    <g>com.tudou.android</g>
    <g>com.oneplus.camera</g>
    <g>com.oplus.camera</g>
    <h>com.coloros.gallery3d/com.oppo.gallery3d.app.ViewGallery</h>
    <h>com.oneplus.gallery/com.oppo.gallery3d.app.ViewGallery</h>
    <h>com.oplus.cast/.ui.PrivacyPolicyAlert</h>
    <h>com.heytap.cast/.ui.PrivacyPolicyAlert</h>
    <h>com.coloros.encryption/com.coloros.safe.password.FileSafeActivity</h>
    <h>com.android.settings/com.oplus.settings.privacy.ConfirmGenericPrivacy</h>
    <h>com.android.settings/com.oplus.settings.privacy.ConfirmNumberPrivacy</h>
    <h>com.android.settings/com.oplus.settings.privacy.SafeQuestionActivity</h>
    <h>com.heytap.yoli/.sysvideo.videogallery.ui.MoviePlayerActivity</h>
    <h>com.coloros.calculator/com.android.calculator2.activity.DispatcherActivity</h>
    <h>com.android.settings/com.oplus.settings.privacy.ConfirmPatternPrivacy</h>
    <h>com.android.systemui/.people.widget.LaunchConversationActivity</h>
    <h>com.oplus.notificationmanager/.GlobalBadgeSettingsActivity</h>
    <h>com.oneplus.note/com.nearme.note.activity.richedit.ShareActivity</h>
    <h>com.coloros.note/com.nearme.note.activity.richedit.ShareActivity</h>
    <h>com.heytap.cloud/.home.ui.CloudLauncherActivity</h>
    <h>com.tencent.mm/.framework.app.UIPageFragmentActivity</h>
    <h>com.oplus.safecenter/.privacy.view.password.AppUnlockPasswordActivity</h>
    <h>com.skype.raider/com.skype4life.MainActivity</h>
    <h>com.android.settings/com.oplus.settings.privacy.ConfirmComplexPrivacy</h>
    <h>com.whatsapp/.Conversation</h>
    <h>com.oplus.postmanservice/.plugin.runtime.PluginDefaultProxyActivity</h>
    <m>screenrecorder.recorder.editor</m>
    <i>cn.wps.moffice_eng</i>
    <i>com.ocrm.im</i>
    <i>com.ss.android.ugc.aweme</i>
    <i>com.android.incallui</i>
    <i>com.finshell.wallet</i>
    <i>com.chinaunicom.zst</i>
    <i>com.tencent.qqmusic</i>
    <i>com.heytap.quicksearchbox</i>
    <i>com.duxiaoman.wallet</i>
    <i>com.heytap.pictorial</i>
    <i>com.timanetworks.android.frame.audisuper.release</i>
    <i>com.alibaba.android.rimet</i>
    <i>com.chinamobile.snsst</i>
    <i>com.coloros.alarmclock</i>
    <i>com.suning.mobile.im.clerk</i>
    <i>com.heytap.speechassist</i>
    <i>com.kugou.android.ringtone</i>
    <i>com.heytap.browser</i>
    <i>com.coloros.systemclone</i>
    <i>com.abchina.mmspc</i>
    <i>com.sf.activity</i>
    <i>com.oplus.safecenter</i>
    <i>com.kugou.android</i>
    <i>com.smile.gifmaker</i>
    <i>com.tencent.mm</i>
    <i>com.tencent.tim</i>
    <i>cn.andouya</i>
    <i>cn.com.spdb.mobilebank.per</i>
    <i>cn.eclicks.drivingtest</i>
    <i>cn.eclicks.wzsearch</i>
    <i>cn.mucang.xiaomi.android.wz</i>
    <i>cn.wsds.gamemaster</i>
    <i>cn.xiaochuankeji.zuiyouLite</i>
    <i>cn.yonghui.hyd</i>
    <i>com.able.wisdomtree</i>
    <i>com.adms.mia.spg</i>
    <i>com.android.icredit</i>
    <i>com.android.jianying</i>
    <i>com.app.shanghai.metro</i>
    <i>com.aurora.note</i>
    <i>com.tencent.tmgp.sgame</i>
    <i>com.ss.android.ugc.aweme.lite</i>
    <i>com.tencent.android.qqdownloader</i>
    <i>com.google.android.gms</i>
    <i>com.tencent.qqlive</i>
    <i>com.android.permissioncontroller</i>
    <i>com.tencent.wework</i>
    <i>com.chinamworld.main</i>
    <i>com.qiyi.video</i>
    <i>com.android.mms</i>
    <i>com.android.settings</i>
    <i>com.mt.mtxx.mtxx</i>
    <i>cn.kuwo.player</i>
    <i>com.sankuai.meituan.takeoutnew</i>
    <i>com.chinamworld.bocmbci</i>
    <i>com.nearme.instant.platform</i>
    <i>com.tencent.androidqqmail</i>
    <i>com.autonavi.minimap</i>
    <i>com.ss.android.auto</i>
    <i>com.baidu.netdisk</i>
    <i>com.kuaishou.nebula</i>
    <i>com.android.stk</i>
    <i>com.autohome.mycar</i>
    <i>com.baidu.baidutranslate</i>
    <i>com.android.contacts</i>
    <i>com.blueocean.musicplayer</i>
    <i>com.calendar.UI</i>
    <i>com.cashregisters.cn</i>
    <i>com.ccb.leye</i>
    <i>com.changba</i>
    <i>com.chaozh.iReader.dj</i>
    <i>com.chinalife.ebz</i>
    <i>com.chinalife.ehome</i>
    <i>com.cn21.ecloud</i>
    <i>com.crgt.ilife</i>
    <i>com.csii.gdnx.mobilebank</i>
    <i>com.cubic.autohome</i>
    <i>com.diyidan</i>
    <i>com.douguo.recipe</i>
    <i>com.duowan.bi</i>
    <i>com.dw.btime</i>
    <i>com.eebbk.parentalcontrol</i>
    <i>com.enjoy.malt</i>
    <i>com.excelliance.dualaid</i>
    <i>com.forms</i>
    <i>com.glodon.drawingexplorer</i>
    <i>com.gstarmc.android</i>
    <i>com.hanweb.android.zhejiang.activity</i>
    <i>com.hlg.daydaytobusiness</i>
    <i>com.hnjc.dl</i>
    <i>com.huiyinxun.wallet.laijc</i>
    <i>com.ibox.calculators</i>
    <i>com.iboxpay.minicashbox</i>
    <i>com.icbc.elife</i>
    <i>com.iflytek.inputmethods.DungkarIME</i>
    <i>com.iflytek.oshall.ahzwfw</i>
    <i>com.jason.freenavigationvoice</i>
    <i>com.justexceptions.loc_weather</i>
    <i>com.jym.mall</i>
    <i>com.kingsoft</i>
    <i>com.kugou.shiqutouch</i>
    <i>com.linecorp.foodcamcn.android</i>
    <i>com.magicpoint.mobile.bank</i>
    <i>com.maxxipoint.android</i>
    <i>com.mm.android.lc</i>
    <i>com.mymoney</i>
    <i>com.netease.vopen</i>
    <i>com.nxy.sc</i>
    <i>com.ovelin.guitartuna</i>
    <i>com.pcncn.jj</i>
    <i>com.pd.pdread</i>
    <i>com.pinguo.edit.sdk</i>
    <i>com.planet.light2345</i>
    <i>com.qihoo.cleandroid_cn</i>
    <i>com.qihoo.loan</i>
    <i>com.qihoo360.antilostwatch</i>
    <i>com.qixiao.wsjt</i>
    <i>com.qwh.grapebrowser</i>
    <i>com.qzone</i>
    <i>com.ryx.ims</i>
    <i>com.seebaby</i>
    <i>com.seetong.app.seetong</i>
    <i>com.shensz.student</i>
    <i>com.shineyie.aijianji</i>
    <i>com.shineyue.sjgjj</i>
    <i>com.shoujiduoduo.ringtone</i>
    <i>com.shoujiduoduo.wallpaper</i>
    <i>com.shuabei.mpos</i>
    <i>com.sogou.activity.src</i>
    <i>com.taobao.mobile.dipei</i>
    <i>com.tencent.karaoke</i>
    <i>com.tencent.mobileqq</i>
    <i>com.eg.android.AlipayGphone</i>
    <i>com.tencent.qqpim</i>
    <i>com.tencent.tgp</i>
    <i>com.tencent.token</i>
    <i>com.tencent.videolite.android</i>
    <i>com.tongcheng.android</i>
    <i>com.truedian.dragon</i>
    <i>com.tsingzone.questionbank</i>
    <i>com.ucmobile.lite</i>
    <i>com.umetrip.android.msky.app</i>
    <i>com.vbill.shoushua.biz</i>
    <i>com.winbaoxian.wybx</i>
    <i>com.wm.realname</i>
    <i>com.wochacha</i>
    <i>com.xiaodu.smartspeaker</i>
    <i>com.xiaomi.smarthome</i>
    <i>com.xiguakeji.bddh</i>
    <i>com.xtuone.android.syllabus</i>
    <i>com.xunmeng.merchant</i>
    <i>com.xunrui.duokai_box</i>
    <i>com.yaya.zone</i>
    <i>com.yek.android.kfc.activitys</i>
    <i>com.yiban.app</i>
    <i>com.yitong.mbank</i>
    <i>com.ym.ecpark.obd</i>
    <i>com.ymnet.lajiclean</i>
    <i>com.yoloho.dayima</i>
    <i>com.yoosee</i>
    <i>com.yuedong.sport</i>
    <i>com.zcbl.bjjj_driving</i>
    <i>com.zhaopin.social</i>
    <i>com.zsqbmfxs.novel</i>
    <i>com.zzw.october</i>
    <i>io.dushu.fandengreader</i>
    <i>us.pinguo.idcamera</i>
    <i>video.vue.android</i>
    <i>com.UCMobile</i>
    <i>com.tencent.mtt</i>
    <i>one.hh.oneclient</i>
    <i>com.quark.browser</i>
    <i>com.ks.kaishustory</i>
    <i>com.snda.wifilocating</i>
    <i>com.qihoo360.mobilesafe</i>
    <i>com.ifanr.activitys</i>
    <i>performance.oppo.com.helloworld</i>
    <i>bubei.tingshu</i>
    <i>com.duoduo.child.story</i>
    <i>com.jsmcc</i>
    <i>com.eterno</i>
    <i>com.aurora.music.free.music.download</i>
    <i>us.zoom.videomeetings</i>
    <i>in.weilai</i>
    <i>com.xingkong.xkfilms</i>
    <i>com.xiaomi.hm.health</i>
    <i>cn.hsa.app</i>
    <i>cn.soulapp.android</i>
    <i>com.immomo.momo</i>
    <i>com.le123.ysdq</i>
    <i>com.xingin.xhs</i>
    <i>com.achievo.vipshop</i>
    <i>com.sina.weibo</i>
    <i>com.tencent.news</i>
    <i>com.taobao.litetao</i>
    <i>com.taobao.taobao</i>
    <i>com.kmxs.reader</i>
    <i>com.xunmeng.pinduoduo</i>
    <i>com.sankuai.meituan</i>
    <i>com.baidu.haokan</i>
    <i>com.dragon.read</i>
    <i>me.ele</i>
    <i>com.ss.android.ugc.live</i>
    <i>com.shizhuang.duapp</i>
    <i>com.cainiao.wireless</i>
    <i>tv.danmaku.bili</i>
    <i>com.wuba</i>
    <i>com.qq.reader</i>
    <i>com.ushaqi.zhuishushenqi.adfree</i>
    <i>com.yueyou.adreader</i>
    <i>com.hipu.yidian</i>
    <i>com.sina.news</i>
    <i>cn.com.sina.finance</i>
    <i>ctrip.android.view</i>
    <i>com.tencent.weread</i>
    <i>com.netease.newsreader.activity</i>
    <i>com.martian.ttbook</i>
    <i>com.p1.mobile.putong</i>
    <i>com.tmall.wireless</i>
    <i>com.jifen.qukan</i>
    <i>com.qidian.QDReader</i>
    <i>com.mianfeizs.book</i>
    <i>com.miandan.live</i>
    <i>com.lechuan.midunovel</i>
    <i>com.lechuan.mdwz</i>
    <i>com.lechuan.mdxs</i>
    <i>com.kuaikan.comic</i>
    <i>com.skyplatanus.crucio</i>
    <i>com.sevenplus.chinascience</i>
    <i>com.jjwxc.reader</i>
    <i>com.ifeng.news2</i>
    <i>com.cootek.crazyreader</i>
    <i>com.faloo.BookReader4Android</i>
    <i>com.taobao.live</i>
    <i>com.dianping.v1</i>
    <i>com.bilibili.comic</i>
    <i>com.lwby.breader.ad</i>
    <i>com.baidu.tieba</i>
    <i>com.UCMobile.intl</i>
    <i>com.kugou.fanxing</i>
    <i>com.wisedu.cpdaily</i>
    <i>com.adobe.psmobile</i>
    <i>com.adobe.lens.android</i>
    <i>com.tencent.qqpimsecure</i>
    <i>com.oupeng.mini.android</i>
    <i>com.chaozh.iReaderFree</i>
    <i>com.eterno.shortvideos</i>
    <i>com.cmcc.cmvideo</i>
    <i>air.tv.douyu.android</i>
    <i>com.zhihu.android</i>
    <i>com.ximalaya.ting.android</i>
    <i>com.jingdong.app.mall</i>
    <i>com.bilibili.app.in</i>
    <i>cn.com.msbank.mbank</i>
    <i>com.redrcd.ylxf</i>
    <i>com.oppo.store</i>
    <i>com.zing.mp3</i>
    <i>com.lenovo.anyshare.gps</i>
    <i>com.android.vending</i>
    <i>com.google.android.permissioncontroller</i>
    <i>com.mxtech.videoplayer.ad</i>
    <i>com.yongyou</i>
    <i>com.netease.cloudmusic</i>
    <i>com.cliff</i>
    <i>com.shusheng.JoJoRead</i>
    <i>com.sohu.inputmethod.sogou</i>
    <i>com.lemon.lv</i>
    <i>com.duowan.kiwi</i>
    <i>com.Qunar</i>
    <i>com.Dominos</i>
    <i>com.coloros.shortcuts</i>
    <k>com.sf.activity</k>
    <k>com.coloros.backuprestore</k>
    <k>com.dianping.v1</k>
    <k>com.xingin.xhs</k>
    <l>com.mventus.selfcare.activity</l>
    <l>com.A17zuoye.mobile.homework</l>
    <o>com.tencent.tmgp.sgame/.SGameActivity</o>
    <o>com.mobile.legends/com.moba.unityplugin.MobaGameUnityActivity</o>
    <o>com.tencent.ig/com.epicgames.ue4.GameActivity</o>
    <o>com.tencent.tmgp.pubgmhd/com.epicgames.ue4.GameActivity</o>
    <o>com.pwrd.zsyj.laohu/com.pwrd.zsyj.support.MainActivity</o>
    <o>com.miHoYo.bh3.nearme.gamecenter/com.miHoYo.overridenativeactivity.OverrideNativeActivity</o>
    <o>com.tencent.KiHan/.ApolloTest</o>
    <o>com.tencent.tmgp.cod/.CODMainActivity</o>
    <o>com.tencent.jkchess/.ApolloZGame</o>
    <o>com.tencent.jkchess/com.tencent.gcloud.msdk.core.policy.ZGamePolicyActivity</o>
    <p>cn.hsa.app</p>
    <u>com.tencent.tmgp.pubgmhd/com.epicgames.ue4.GameActivity</u>
    <u>com.tencent.tmgp.speedmobile/.speedmobile</u>
    <u>com.tencent.ngame.chty/com.garena.game.kgtw.SGameRealActivity</u>
    <u>com.lilithgames.afk.nearme.gamecenter/sh.lilithgame.hgame.AppActivity</u>
    <u>com.hypergryph.arknights/com.u8.sdk.U8UnityContext</u>
    <u>com.imangi.templerun2/com.templerun2.IdsSinglePluginActivity</u>
    <u>com.kiloo.subwaysurf/.RRAndroidPluginActivity</u>
    <u>com.kiloo.subwaysurf/com.sybogames.chili.multidex.ChiliMultidexSupportActivity</u>
    <u>com.tencent.tmgp.cf/.AFMainActivity</u>
    <u>com.joycity.cfwz/com.joycity.platform.unity.JoypleUnityActivity</u>
    <u>com.netease.mrzh.nearme.gamecenter/com.netease.mrzh.Client</u>
    <u>com.qqgame.mic/.YXSMainActivity</u>
    <u>com.mobile.legends/com.moba.unityplugin.MobaGameUnityActivity</u>
    <u>com.miHoYo.Yuanshen/com.miHoYo.GetMobileInfo.MainActivity</u>
    <u>com.tencent.forest/.MainActivity</u>
    <u>com.wildspike.wormszone/.GameActivity</u>
    <u>com.ngame.allstar.eu/com.ngame.allstar.SGameRealActivity</u>
    <u>com.pwrd.zsyj.laohu/com.pwrd.zsyj.support.MainActivity</u>
    <u>com.ztgame.yyzy/.adapternotchwithchannel.AdapterNotch</u>
    <u>com.baitian.aqcs.aqcssy.nearme.gamecenter/com.baitian.unity.MainActivity</u>
    <u>com.kad.ohgod/com.unity3d.player.UnityPlayerActivity</u>
    <u>com.netease.aceracer.nearme.gamecenter/com.netease.game.MessiahNativeActivity</u>
    <u>com.tencent.ig/com.epicgames.ue4.GameActivity</u>
    <u>com.crazylabs.diy.make.up/com.tabtale.ttplugins.ttpunity.TTPUnityMainActivity</u>
    <u>com.skgames.trafficrider/com.unity3d.player.UnityPlayerActivity</u>
    <u>com.ztgame.bob/.UnityPlayerActivity</u>
    <u>com.netease.stzb.nearme.gamecenter/com.netease.stzb.Client</u>
    <u>com.heytap.quickgame/.module.others.launcher.LauncherActivity</u>
    <u>com.heytap.quickgame/.module.main.MainActivity</u>
    <u>com.outfit7.mytalkingtom2/com.outfit7.sabretooth.MainActivity</u>
    <u>com.miHoYo.bh3.nearme.gamecenter/com.miHoYo.overridenativeactivity.OverrideNativeActivity</u>
    <u>com.tencent.KiHan/.ApolloTest</u>
    <u>com.tencent.tmgp.cod/.CODMainActivity</u>
    <u>com.tencent.tmgp.sgame/.SGameActivity</u>
    <u>com.tencent.jkchess/.ApolloZGame</u>
    <u>com.tencent.jkchess/com.tencent.gcloud.msdk.core.policy.ZGamePolicyActivity</u>
    <u>com.netease.ma59.nearme.gamecenter/com.ling9527.music.XiuWuActivity</u>
    <u>com.dts.freefireth/.FFMainActivity</u>
    <u>com.yxgame.bzdx/com.dodjoy.unityplayer.DodUnityPlayerActivity</u>
    <u>com.lanjing.yanyu.net.nearme.gamecenter/org.cocos2dx.lua.AppActivity</u>
    <u>com.hermes.h1game.nearme.gamecenter/com.hermes.h1game.MainActivity</u>
    <u>com.tencent.lolm/.lgame</u>
    <u>com.tencent.toaa/com.epicgames.ue4.GameActivity</u>
    <u>com.tencent.tmgp.tstl/.MainActivity</u>
    <u>com.tiger.nmmj/org.cocos2dx.lua.DynamicActivity</u>
    <u>com.roblox.client/.ActivityNativeMain</u>
    <u>com.google.android.youtube/com.google.android.apps.youtube.app.WatchWhileActivity</u>
    <u>com.android.chrome/com.google.android.apps.chrome.Main</u>
    <u>com.google.android.youtube/com.google.android.apps.youtube.app.watchwhile.WatchWhileActivity</u>
    <u>app.revanced.android.youtube/app.revanced.android.apps.youtube.app.WatchWhileActivity</u>
    <u>app.revanced.android.youtube/app.revanced.android.apps.youtube.app.watchwhile.WatchWhileActivity</u>
    <u>com.ledou.mhhy.nearme.gamecenter/com.playrix.gardenscapes.amazon.StoreActivity</u>
    <w>com.tencent.mm</w>
    <w>com.xunmeng.pinduoduo</w>
    <w>com.ss.android.ugc.aweme</w>
    <w>com.taobao.taobao</w>
    <w>com.smile.gifmaker</w>
    <w>com.baidu.searchbox</w>
    <w>com.tencent.mobileqq</w>
    <w>com.kuaishou.nebula</w>
    <w>com.ss.android.ugc.aweme.lite</w>
    <w>com.autonavi.minimap</w>
    <w>com.kugou.android</w>
    <w>com.snda.wifilocating</w>
    <w>com.jingdong.app.mall</w>
    <w>com.tencent.mtt</w>
    <w>com.tencent.qqlive</w>
    <w>com.sankuai.meituan</w>
    <w>com.baidu.BaiduMap</w>
    <w>com.qiyi.video</w>
    <w>com.ss.android.article.news</w>
    <w>com.nearme.play</w>
    <w>com.xingin.xhs</w>
    <w>com.youku.phone</w>
    <w>com.alibaba.android.rimet</w>
    <w>com.tencent.tmgp.sgame</w>
    <w>com.tmri.app.main</w>
    <w>com.taobao.litetao</w>
    <w>com.ss.android.article.video</w>
    <w>tv.danmaku.bili</w>
    <w>com.tencent.qqmusic</w>
    <w>com.dragon.read</w>
    <w>com.tencent.android.qqdownloader</w>
    <w>com.tencent.tmgp.pubgmhd</w>
    <w>com.sina.weibo</w>
    <w>com.lemon.lv</w>
    <w>com.android.bankabc</w>
    <w>com.ss.android.ugc.live</w>
    <w>com.tencent.news</w>
    <w>com.ss.android.article.lite</w>
    <w>com.tencent.karaoke</w>
    <w>com.netease.cloudmusic</w>
    <w>com.baidu.homework</w>
    <w>com.chinamworld.main</w>
    <w>com.wuba</w>
    <w>com.kmxs.reader</w>
    <w>com.baidu.input_oppo</w>
    <w>com.icbc</w>
    <w>com.achievo.vipshop</w>
    <w>com.baidu.searchbox.lite</w>
    <w>com.hicorenational.antifraud</w>
    <w>com.greenpoint.android.mc10086.activity</w>
    <w>com.ximalaya.ting.android</w>
    <w>com.sohu.inputmethod.sogouoem</w>
    <w>com.tencent.map</w>
    <w>me.ele</w>
    <w>com.unionpay</w>
    <w>com.yitong.mbank.psbc</w>
    <w>com.happyelements.AndroidAnimal</w>
    <w>com.minitech.miniworld.nearme.gamecenter</w>
    <w>com.shizhuang.duapp</w>
    <w>com.kwai.videoeditor</w>
    <w>com.chinamworld.bocmbci</w>
    <w>com.quark.browser</w>
    <w>com.baidu.netdisk</w>
    <w>com.xs.fm</w>
    <w>com.sinovatech.unicom.ui</w>
    <w>com.mt.mtxx.mtxx</w>
    <w>com.le123.ysdq</w>
    <w>com.kwai.m2u</w>
    <w>com.tencent.wework</w>
    <w>com.taobao.idlefish</w>
    <w>com.moji.mjweather</w>
    <w>com.tencent.weishi</w>
    <w>com.iflytek.inputmethod</w>
    <w>com.sankuai.meituan.takeoutnew</w>
    <w>com.meta.box</w>
    <w>com.zhihu.android</w>
    <w>com.hunantv.imgo.activity</w>
    <w>com.tencent.wemeet.app</w>
    <w>com.tencent.androidqqmail</w>
    <w>com.baidu.haokan</w>
    <w>com.kuaiduizuoye.scan</w>
    <w>cn.xuexi.android</w>
    <w>com.meitu.meiyancamera</w>
    <w>com.tencent.qqpimsecure</w>
    <w>com.MobileTicket</w>
    <w>com.ct.client</w>
    <w>com.shoujiduoduo.ringtone</w>
    <w>com.sohu.inputmethod.sogou</w>
    <w>com.redteamobile.roaming</w>
    <w>com.qiyi.video.lite</w>
    <w>cmb.pb</w>
    <w>com.taptap</w>
    <w>com.sgcc.wsgw.cn</w>
    <w>com.immomo.momo</w>
    <w>com.cmri.universalapp</w>
    <w>cn.gov.tax.its</w>
    <w>com.netease.mc.nearme.gamecenter</w>
    <w>com.alibaba.wireless</w>
    <w>com.cainiao.wireless</w>
    <w>ctrip.android.view</w>
    <w>com.xt.retouch</w>
    <w>com.taobao.live</w>
    <w>com.zyhy.tsmnq.nearme.gamecenter</w>
    <w>com.snda.lantern.wifilocating</w>
    <w>com.cubic.autohome</w>
    <w>com.gotokeep.keep</w>
    <w>com.jzzs.ParentsHelper</w>
    <w>cn.soulapp.android</w>
    <w>cn.hsa.app</w>
    <w>com.yueme.itv</w>
    <w>com.lingan.seeyou</w>
    <w>com.clover.daysmatter</w>
    <w>cn.kuwo.player</w>
    <w>com.tmall.wireless</w>
    <w>com.handsgo.jiakao.android</w>
    <w>com.jingyao.easybike</w>
    <w>com.jd.game.fruitsmasher.nearme.gamecenter</w>
    <w>com.pingan.paces.ccms</w>
    <w>com.pingan.carowner</w>
    <w>com.tencent.zebra</w>
    <w>com.chaozh.iReader.dj</w>
    <w>com.njzt.atmhcdhz.nearme.gamecenter</w>
    <w>com.yueyou.adreader</w>
    <w>com.gorgeous.lite</w>
    <w>com.iytzbzq.xrzlkhb.nearme.gamecenter</w>
    <w>com.outfit7.talkingtomgoldrun.nearme.gamecenter</w>
    <w>net.evecom.android.mztapp</w>
    <w>com.duowan.kiwi</w>
    <w>com.zf.myds.nearme.gamecenter</w>
    <w>com.lu.ashionweather</w>
    <w>com.m4399.gamecenter</w>
    <w>com.uowiutz.hcatmjjbs.nearme.gamecenter</w>
    <w>com.ss.android.auto</w>
    <w>com.iflytek.oshall.ahzwfw</w>
    <w>com.jd.jrapp</w>
    <w>com.anjuke.android.app</w>
    <w>com.videogo</w>
    <w>com.dianping.v1</w>
    <w>com.tencent.mf.uam</w>
    <w>com.sdu.didi.psnger</w>
    <w>com.Qunar</w>
    <w>air.tv.douyu.android</w>
    <w>com.sohu.sohuvideo</w>
    <w>com.kuaikan.comic</w>
    <w>com.wepie.snake.nearme.gamecenter</w>
    <w>com.duowan.mobile</w>
    <w>com.campmobile.snowcamera</w>
    <w>com.wuba.zhuanzhuan</w>
    <w>com.ywhy.hgmxyj.nearme.gamecenter</w>
    <w>com.kuaiyin.player</w>
    <w>com.baidu.appsearch</w>
    <w>com.oqetz.atmckw2.nearme.gamecenter</w>
    <w>com.yys.atmckw.nearme.gamecenter</w>
    <w>com.xtc.watch</w>
    <w>com.bairimeng.dmmdzz.nearme.gamecenter</w>
    <w>com.pingan.lifeinsurance</w>
    <w>com.sihai.lianxianlaile.nearme.gamecenter</w>
    <w>com.yiche.autoeasy</w>
    <w>com.cmbchina.ccd.pluto.cmbActivity</w>
    <w>com.bankcomm.Bankcomm</w>
    <w>com.lianjia.beike</w>
    <w>com.tianyancha.skyeye</w>
    <w>com.chinatelecom.bestpayclient</w>
    <w>com.duoduo.child.story</w>
    <w>com.lemon.faceu</w>
    <w>com.netease.sky.nearme.gamecenter</w>
    <w>com.babycloud.hanju</w>
    <w>com.zhuoqu.wangxingrenyibihua.nearme.gamecenter</w>
    <w>com.qihoo.appstore</w>
    <w>com.qqgame.hlddz</w>
    <w>com.ccb.longjiLife</w>
    <w>com.ifreetalk.ftalk</w>
    <w>com.qihoo.cleandroid_cn</w>
    <w>com.zthy.ncmnq2.nearme.gamecenter</w>
    <w>com.tencent.jkchess</w>
    <w>com.chinamobile.mcloud</w>
    <w>com.cat.readall</w>
    <w>com.hpbr.bosszhipin</w>
    <w>com.cqwx.jyds.nearme.gamecenter</w>
    <w>com.jd.jdlite</w>
    <w>com.fenbi.android.solar</w>
    <w>com.tencent.lolm</w>
    <w>com.bankcomm.maidanba</w>
    <w>com.dj.sevenRead</w>
    <w>com.p1.mobile.putong</w>
    <w>com.ziipin.softkeyboard</w>
    <w>com.seetong.app.seetong</w>
    <w>com.kugou.android.ringtone</w>
    <w>com.android.ikfctsbxd.rdctspen</w>
    <w>com.tencent.tmgp.cf</w>
    <w>com.nearme.gamecenter.ddz.nearme.gamecenter</w>
    <w>com.tencent.tmgp.cod</w>
    <w>com.shuqi.controller</w>
    <w>com.example.businesshall</w>
    <w>com.tencent.gamehelper.smoba</w>
    <w>com.tianqi2345</w>
    <w>com.sofunny.Sausage</w>
    <w>com.baidu.searchbox.tomas</w>
    <w>me.yidui</w>
    <w>com.jsmcc</w>
    <w>com.xhey.xcamera</w>
    <w>com.netease.moyi</w>
    <w>com.ls.tgjyxd.nearme.gamecenter</w>
    <w>com.intsig.camscanner</w>
    <w>com.hzyys.jdatm.nearme.gamecenter</w>
    <w>com.jxedt</w>
    <w>com.cmic.mmnes</w>
    <w>com.vivo.easyshare</w>
    <w>com.zcdqgg.atmyxjfdj.nearme.gamecenter</w>
    <w>com.eyzbagq.atmrxjjw.nearme.gamecenter</w>
    <w>com.zf.htdj.nearme.gamecenter</w>
    <w>com.kingpoint.gmcchh</w>
    <w>com.ls.yqdld.nearme.gamecenter</w>
    <w>com.xunlei.downloadprovider</w>
    <w>com.tencent.ig</w>
    <w>com.game.bikeInsane.app.astore.nearme.gamecenter</w>
    <w>com.bgzgaq.tpgc.nearme.gamecenter</w>
    <w>com.fy.bywzl.nearme.gamecenter</w>
    <w>com.njh.biubiu</w>
    <w>com.tencent.gamehelper.pg</w>
    <w>com.wemomo.tietie</w>
    <w>com.xmcy.hykb</w>
    <w>com.eduyun.app.factory.ykt</w>
    <w>com.chaoxing.mobile</w>
    <w>com.ch.jnxy</w>
    <w>com.fenbi.android.leo</w>
    <w>com.glife.dqkpapk.nearme.gamecenter</w>
    <w>com.sankuai.youxuan</w>
    <w>com.all.video</w>
    <w>com.caict.xingchengka</w>
    <w>com.xiaomi.smarthome</w>
    <w>com.didapinche.booking</w>
    <w>com.bvxcbq.atmcjdz.nearme.gamecenter</w>
    <w>com.foxgames.MetalSlug.nearme.gamecenter</w>
    <w>com.youdao.dict</w>
    <w>com.chengshiziyoujiashi.nearme.gamecenter</w>
    <w>com.tencent.KiHan</w>
    <w>com.lofter.android</w>
    <w>com.cmcc.cmvideo</w>
    <w>com.ChillyRoom.nearme.gamecenter</w>
    <w>com.benqu.wuta</w>
    <w>com.haishangshengcun.nearme.gamecenter</w>
    <w>com.fy.ccdz.nearme.gamecenter</w>
    <w>com.baidu.wenku</w>
    <w>com.zf.mrjj.nearme.gamecenter</w>
    <w>com.zf.mrjj.astore.nearme.gamecenter</w>
    <w>com.baidu.duer.superapp</w>
    <w>com.sup.android.superb</w>
    <w>com.ls.wpjyd.nearme.gamecenter</w>
    <w>com.zf.wdlscs.nearme.gamecenter</w>
    <w>com.kiloo.subwaysurf</w>
    <w>com.ztgame.bob</w>
    <w>com.chinalife.ebz</w>
    <w>com.baidu.tieba</w>
    <w>com.tencent.transfer</w>
    <w>com.mampod.ergedd</w>
    <w>com.ganji.android</w>
    <w>com.dw.cnmss.nearme.gamecenter</w>
    <w>io.dcloud.H576E6CC7</w>
    <w>com.gh.gamecenter</w>
    <w>cn.jj</w>
    <w>com.bokecc.dance</w>
    <w>com.tm.shbyhw.nearme.gamecenter</w>
    <w>com.yitong.zjrc.mfs.android</w>
    <w>com.yaoqi.shiyuweather</w>
    <w>com.fangzhenfeijijiashi5.nearme.gamecenter</w>
    <w>com.qq.ac.android</w>
    <w>com.hanweb.android.zhejiang.activity</w>
    <w>com.yoosee</w>
    <w>com.mosheng</w>
    <w>com.iflytek.elpmobile.smartlearning</w>
    <w>cn.ninegame.gamemanager</w>
    <w>android.xkctsnw.irctsoptic</w>
    <w>com.cctv.yangshipin.app.androidp</w>
    <w>com.citiccard.mobilebank</w>
    <w>com.hipu.yidian</w>
    <w>com.qihoo360.mobilesafe</w>
    <w>com.tm.zjbydz.nearme.gamecenter</w>
    <w>com.icbc.im</w>
    <w>com.lalamove.huolala.client</w>
    <w>com.mfkj.fkpt.nearme.gamecenter</w>
    <w>com.sinyee.babybus.recommendapp</w>
    <w>com.opertxb.wpssqmx.nearme.gamecenter</w>
    <w>cn.wps.moffice_eng</w>
    <w>com.youloft.calendar</w>
    <w>com.fy.yqzzz.nearme.gamecenter</w>
    <w>com.tencent.qqpim</w>
    <w>com.zenmen.palmchat</w>
    <w>com.ygkj.chelaile.standard</w>
    <w>com.cib.cibmb</w>
    <w>com.xinhang.mobileclient</w>
    <w>com.netease.dwrg.nearme.gamecenter</w>
    <w>com.yek.android.kfc.activitys</w>
    <w>com.popcap.pvz2cthdop</w>
    <w>com.hnys.jqdd</w>
    <w>com.sunboxsoft.charge.institute</w>
    <w>com.ubestkid.beilehu.android</w>
    <w>com.mihoyo.hyperion</w>
    <w>com.qihoo.loan</w>
    <w>com.sihai.chengshiyingxiongdamaoxian.nearme.gamecenter</w>
    <w>com.cmcm.cfwallpaper</w>
    <w>com.android.cfctsuvy.amfctsccl</w>
    <w>com.fenqile.fenqile</w>
    <w>com.tplink.ipc</w>
    <w>com.baidu.input</w>
    <w>com.shyz.toutiao</w>
    <w>com.gioct.weather</w>
    <w>com.hainanyksg.zmcash</w>
    <w>com.jd.pingou</w>
    <w>com.wuba.town.client</w>
    <w>com.bilibili.comic</w>
    <w>com.yaoqi.zhiyuweather</w>
    <w>com.cleanmaster.mguard_cn</w>
    <w>com.jjwxc.reader</w>
    <w>com.cs_credit_bank</w>
    <w>com.cmcc.hebao</w>
    <w>com.ygwl.csxyyxy.nearme.gamecenter</w>
    <w>com.yiyou.ga</w>
    <w>com.ecitic.bank.mobile</w>
    <w>com.yiche.price</w>
    <w>com.happy.walker</w>
    <w>com.game.fszdzjz.nearme.gamecenter</w>
    <w>com.game.fszdzjz.astore.nearme.gamecenter</w>
    <w>cn.gov.pbc.dcep</w>
    <w>com.yicong.ants</w>
    <w>com.campus.tutorial.club.nearme.gamecenter</w>
    <w>com.hexin.plat.android</w>
    <w>cn.com.spdb.mobilebank.per</w>
    <w>com.hupu.shihuo</w>
    <w>com.playgame.havefun</w>
    <w>com.csii.mobilebank</w>
    <w>com.szgov.entrance</w>
    <w>com.yunxiao.haofenshu</w>
    <w>com.netease.tom.nearme.gamecenter</w>
    <w>com.mhfg.mzx.net.nearme.gamecenter</w>
    <w>com.nxy.sc</w>
    <w>com.sabac.hy</w>
    <w>csii.com.qny</w>
    <w>com.gstarmc.android</w>
    <w>com.android.ptctsul.ahctsfactor</w>
    <w>com.jiongji.andriod.card</w>
    <w>com.yipiao</w>
    <w>cn.etouch.ecalendar</w>
    <w>com.tianqiyubao2345</w>
    <w>com.yz.xfyzc2</w>
    <w>com.zf.bxjjzs.nearme.gamecenter</w>
    <w>com.ucmobile.lite</w>
    <w>com.qqgame.happymj</w>
    <w>com.huawei.health</w>
    <w>com.qq.ssw6</w>
    <w>com.longshine.smartcity</w>
    <w>com.zengame.zrttddz.nearme.gamecenter</w>
    <w>com.lion.market</w>
    <w>com.upgadata.up7723</w>
    <w>com.qihoo.cleandroid_lite</w>
    <w>com.zhaopin.social</w>
    <w>com.tencent.submarine</w>
    <w>com.dw.btime</w>
    <w>com.yuncheapp.android.pearl</w>
    <w>com.yangcong345.android.phone</w>
    <w>com.yiruike.sodacn.android</w>
    <w>com.xiachufang</w>
    <w>com.ebank.creditcard</w>
    <w>com.lechuan.mdwz</w>
    <w>com.juying.zldr</w>
    <w>com.hanweb.izhengzhou.android</w>
    <w>com.netease.aceracer.nearme.gamecenter</w>
    <w>com.jifen.qukan</w>
    <w>com.android.clock.sd</w>
    <w>com.youzu.bs.nearme.gamecenter</w>
    <w>com.cootek.crazyreader</w>
    <w>com.nx.nxapp</w>
    <w>com.netease.gl</w>
    <w>com.iflytek.inputmethod.oppo</w>
    <w>com.qidian.QDReader</w>
    <w>com.yitong.mbank</w>
    <w>com.taobao.trip</w>
    <w>com.qq.reader</w>
    <w>com.sohu.newsclient</w>
    <w>com.network.xf100</w>
    <w>com.mengdie.xuanfeng</w>
    <w>com.A17zuoye.mobile.homework</w>
    <w>com.martian.ttbookhd</w>
    <w>com.hanweb.android.sdzwfw.activity</w>
    <w>com.sf.activity</w>
    <w>com.midea.ai.appliances</w>
    <w>com.kwai.hisense</w>
    <w>cn.xiaochuankeji.tieba</w>
    <w>com.sdu.didi.gsui</w>
    <w>com.suning.mobile.ebuy</w>
    <w>com.baidu.baidutranslate</w>
    <w>com.babytree.apps.pregnancy</w>
    <w>com.supercell.clashofclans.nearme.gamecenter</w>
    <w>com.ganji.android.haoche_c</w>
    <w>com.cn.froad.mobileplatform</w>
    <w>com.jyyundong.youbao</w>
    <w>com.sankuai.meituan.meituanwaimaibusiness</w>
    <w>com.xiwei.logistics</w>
    <w>cn.com.cmbc.newmbank</w>
    <w>cc.septnet.student</w>
    <w>com.kn.jgfy.nearme.gamecenter</w>
    <w>com.yaoqi.qingnuanweather</w>
    <w>com.app.Trafficrun.astore.nearme.gamecenter</w>
    <w>com.mygolbs.mybus</w>
    <w>com.sitech.ac</w>
    <w>com.jx.cmcc.ict.ibelieve</w>
    <w>com.outfit7.herodash.nearme.gamecenter</w>
    <w>com.xiaojingling.storm</w>
    <w>com.wepie.weplay</w>
    <w>com.alibaba.ailabs.tg</w>
    <w>cn.cj.pe</w>
    <w>com.zuoyebang.knowledge</w>
    <w>com.msxf.ayh</w>
    <w>im.weshine.keyboard</w>
    <w>com.tencent.qt.qtl</w>
    <w>com.kugou.android.elder</w>
    <w>com.netease.g67.nearme.gamecenter</w>
    <w>com.feiyu.luobo4.nearme.gamecenter</w>
    <w>com.chengshijijiayingxiong.nearme.gamecenter</w>
    <w>com.seewo.easicare.pro</w>
    <w>cn.xender</w>
    <w>com.hongen.app.word</w>
    <w>com.xwtec.sd.mobileclient</w>
    <w>com.chif.weather</w>
    <w>com.gkid.crazyrope</w>
    <w>com.nineton.shouzhang</w>
    <w>com.dewmobile.kuaiya</w>
    <w>com.huaxiaozhu.rider</w>
    <w>com.blockchainvault</w>
    <w>com.music.jqssl</w>
    <w>com.tencent.ttpic</w>
    <w>com.baidu.video</w>
    <w>cn.zepeto.main</w>
    <w>com.tencent.gallerymanager</w>
    <w>com.inspur.icity.neimenggu</w>
    <w>com.little.idiom</w>
    <w>com.collabandroid.server.ctsbellig</w>
    <w>com.job.android</w>
    <w>com.lanjingren.ivwen</w>
    <w>com.qiyi.video.child</w>
    <w>com.icoolme.android.weather</w>
    <w>com.leiting.aobi.nearme.gamecenter</w>
    <w>com.hnsy.jdmh.nearme.gamecenter</w>
    <w>com.ydtx.camera</w>
    <w>com.caf.fmradio</w>
    <w>cn.missevan</w>
    <w>com.tencent.weread</w>
    <w>com.sinyee.babybus.world</w>
    <w>com.cib.xyk</w>
    <w>com.join.android.app.mgsim.wufun</w>
    <w>com.xunmeng.merchant</w>
    <w>com.fy.mfxd.nearme.gamecenter</w>
    <w>com.xiaomi.mico</w>
    <w>com.spdbccc.app</w>
    <w>com.martian.ttbook</w>
    <w>com.cebbank.mobile.cemb</w>
    <w>sleepy.mouse.chargingbox</w>
    <w>com.t3go.passenger</w>
    <w>com.meituan.turbo</w>
    <w>com.tencent.tvoem</w>
    <w>com.julanling.app</w>
    <w>cn.com.hkgt.gasapp</w>
    <w>com.starbaba.simulator</w>
    <w>com.xiaojingling.qcjb</w>
    <w>com.chain.tourist.master</w>
    <w>com.sk.calculator</w>
    <w>com.ss.android.ugc.trill</w>
    <w>com.mgss.mihuan.nearme.gamecenter</w>
    <w>com.haobo.huilife</w>
    <w>com.zs.clean</w>
    <w>com.mistong.ewt360</w>
    <w>com.cmbc.cc.mbank</w>
    <w>tv.pps.mobile</w>
    <w>com.tencent.egame</w>
    <w>com.pandadastudio.ninjamustdie3.nearme.gamecenter</w>
    <w>com.qihoo.browser</w>
    <w>com.pcncn.jj</w>
    <w>com.ss.android.homed</w>
    <w>com.hxak.liangongbao</w>
    <w>com.hpplay.happycast</w>
    <w>com.youloft.icloser</w>
    <w>com.outfit7.mytalkingtom2.nearme.gamecenter</w>
    <w>com.huanyou.fjxasn</w>
    <w>com.eastmoney.android.berlin</w>
    <w>com.hbcj.abcdef.nearme.gamecenter</w>
    <w>com.wm.dmall</w>
    <w>cmccwm.mobilemusic</w>
    <w>com.tongcheng.android</w>
    <w>cn.yonghui.hyd</w>
    <w>com.wechat.zerosix_one_four_0614</w>
    <w>com.netease.mail</w>
    <w>com.yc.cydzy2</w>
    <w>com.huawei.wear.guard</w>
    <w>com.qzone</w>
    <w>com.summer_app</w>
    <w>com.wepie.snake.nearme.gamecenter</w>
    <w>com.cib.xyk</w>
    <w>com.lailiang.jbxhj</w>
    <w>cn.damai</w>
    <w>com.myoppo.drp</w>
    <w>com.lucky.luckyclient</w>
    <w>cn.samsclub.app</w>
    <w>com.umetrip.android.msky.app</w>
    <w>com.xiaomi.shop</w>
    <w>com.antutu.ABenchMark</w>
    <w>com.htinns</w>
    <w>us.zoom.videomeetings</w>
    <w>com.byd.aeri.caranywhere</w>
    <w>cn.com.bmac.nfc</w>
    <w>com.finshell.finance</w>
    <w>com.iodkols.onekeylockscreen</w>
    <w>com.netease.lglr.nearme.gamecenter</w>
    <w>com.coolapk.market</w>
    <w>com.antutu.benchmark.full</w>
    <w>com.teamtalk.im</w>
    <w>com.starbucks.cn</w>
    <w>com.taou.maimai</w>
    <w>com.taobao.movie.android</w>
    <w>com.tplink.cloudrouter</w>
    <w>com.vmall.client</w>
    <w>com.bankofbeijing.mobilebanking</w>
    <w>com.hundsun.winner.pazq</w>
    <w>android.zhibo8</w>
    <w>com.boohee.one</w>
    <w>com.max.xiaoheihe</w>
    <w>com.eagersoft.youzy.youzy</w>
    <w>com.tiqiaa.icontrol</w>
    <w>com.nbbank</w>
    <w>com.hp.printercontrol</w>
    <w>com.HuaXiaBank.HuaCard</w>
    <w>com.smzdm.client.android</w>
    <w>com.zol.android</w>
    <w>com.ccb.companybank</w>
    <w>com.zxscnew</w>
    <w>com.xiniaoyun.hongye</w>
    <w>cn.eol.wen</w>
    <w>com.baidu.carlife</w>
    <w>com.hupu.games</w>
    <w>com.tfsmy.apps.android.tfsmy</w>
    <w>com.ccb.leye</w>
    <w>cn.ishansong</w>
    <w>com.lietou.mishu</w>
    <w>com.sankuai.movie</w>
    <w>com.founder.jincheng</w>
    <w>jp.co.canon.bsd.ad.pixmaprint</w>
    <w>com.oray.sunlogin</w>
    <w>com.systoon.beijingtoon</w>
    <w>com.bmcc.ms.ui</w>
    <w>com.gf.client</w>
    <w>com.kaola</w>
    <w>com.daw.daan</w>
    <w>com.kdweibo.client</w>
    <w>com.mi.health</w>
    <w>cn.xiaochuankeji.zuiyouLite</w>
    <w>com.tencent.gamehelper.dnf</w>
    <w>com.gtgj.view</w>
    <w>com.hypergryph.arknights</w>
    <w>com.wuba.bangjob</w>
    <w>com.lingyue.zebraloan</w>
    <w>com.tencent.tgp</w>
    <w>com.android.ictstl.lwctsfactor</w>
    <w>com.boc.bocsoft.phone.enterprise</w>
    <w>com.truedian.dragon</w>
    <w>com.szlanyou.nissaniov</w>
    <w>com.eco.global.app</w>
    <w>com.xueqiu.android</w>
    <w>com.xiaomi.youpin</w>
    <w>io.wallpaperengine.weclient</w>
    <w>com.guotai.dazhihui</w>
    <w>com.netease.edu.ucmooc</w>
    <w>com.weifeng.hobby</w>
    <w>cn.danatech.xingseapp</w>
    <w>com.microsoft.emmx</w>
    <w>com.vivo.space</w>
    <w>com.yuwan.tmshipin</w>
    <w>com.cmic.heduohao</w>
    <w>com.dongqiudi.news</w>
    <w>com.ushaqi.zhuishushenqi</w>
    <w>com.cmschina.stock</w>
    <w>com.jf.lkrj</w>
    <w>com.asiainfo.cm10085</w>
    <w>com.sgcc.evs.echarge</w>
    <w>com.guosen.android</w>
    <w>com.mfw.roadbook</w>
    <w>cn.com.csbank</w>
    <w>com.forms</w>
    <w>de.bmw.connected.mobile20.cn</w>
    <w>com.taobao.shoppingstreets</w>
    <w>vz.com</w>
    <w>cn.bevol.p</w>
    <w>com.luojilab.player</w>
    <w>com.zeekrlife.mobile</w>
    <w>com.estrongs.android.pop</w>
    <w>com.huayi.cme</w>
    <w>com.alibaba.taurus.zhejiang</w>
    <w>org.mozilla.firefox</w>
    <w>com.csair.mbp</w>
    <w>com.sunboxsoft.oilforgdandroid</w>
    <w>com.dingYZ.dingyzwater</w>
    <w>com.hlg.daydaytobusiness</w>
    <w>com.dada.mobile.shop.android</w>
    <w>com.imibaby.client</w>
    <w>com.feiyu.carrot3.nearme.gamecenter</w>
    <w>com.mfp.jelly.oppo</w>
    <w>com.svw.sc.mos</w>
    <w>com.hnzycfc.zyxj</w>
    <w>com.weaver.emobile7</w>
    <w>com.blizzard.wtcg.hearthstone</w>
    <w>com.navinfo.gw</w>
    <w>com.duitang.main</w>
    <w>com.zwfw.YueZhengYi</w>
    <w>com.jf.my</w>
    <w>com.android.wqctsoc.sizctsaio</w>
    <w>com.pingan.smt</w>
    <w>com.android.gctscm.vxjctsratio</w>
    <w>com.okinc.okex</w>
    <w>com.youdao.note</w>
    <w>com.weico.international</w>
    <w>com.gree.greesmarthome</w>
    <w>com.netease.cbg</w>
    <w>com.meituan.retail.v.android</w>
    <w>android.xctsgi.ructsratio</w>
    <w>com.android.haitong</w>
    <w>com.uroad.piaogen</w>
    <w>com.tencent.tim</w>
    <w>com.cpic.sxbxxe</w>
    <w>com.kuihua.wxfs1</w>
    <w>com.microsoft.office.outlook</w>
    <w>com.chunyuqiufeng.gaozhongapp.zhiyuan</w>
    <w>com.liulishuo.engzo</w>
    <w>com.szzc</w>
    <w>com.aibang.bjtraffic</w>
    <w>com.xiaomi.router</w>
    <w>com.lbvolunteer.gaokao</w>
    <w>com.guzhen.xiucai</w>
    <w>com.xiaoshijie.sqb</w>
    <w>com.ss.android.merchant</w>
    <w>com.foundersc.app.xf</w>
    <w>com.lixiangdong.textscanner</w>
    <w>com.fenbi.android.zenglish</w>
    <w>com.tencent.weworklocal</w>
    <w>com.bertadata.qxb</w>
    <w>com.niwodai.universityloan</w>
    <w>com.ihaozhuo.youjiankang</w>
    <w>cn.missfresh.application</w>
    <w>com.bqg.ddnoverl</w>
    <w>com.car300.activity</w>
    <w>com.qingdou.android</w>
    <w>zhongxinjiantou.szkingdom.android.newphone</w>
    <w>com.galaxy.stock</w>
    <w>com.xiaomi.wearable</w>
    <w>cn.com.shbank.mper</w>
    <w>com.baidu.student</w>
    <w>com.chipsea.btcontrol</w>
    <w>com.wochacha</w>
    <w>com.netease.yanxuan</w>
    <w>dji.go.v5</w>
    <w>com.cmri.ercs.yqx</w>
    <w>com.v2ray.ang</w>
    <w>cn.com.gzbank.mbank</w>
    <w>com.tencent.docs</w>
    <w>com.wenhua.bamboo</w>
    <w>com.yitantech.gaigai</w>
    <w>com.alimama.moon</w>
    <w>com.unicom.wopay</w>
    <w>com.citic21.user</w>
    <w>cn.com.sina.finance</w>
    <w>com.zhinengremote.mohan</w>
    <w>com.slkj.paotui.customer</w>
    <w>cn.ninebot.ninebot</w>
    <w>com.vbill.shoushua.biz</w>
    <w>com.zmzx.college.search</w>
    <w>com.kingsoft</w>
    <w>me.suncloud.marrymemo</w>
    <w>com.yinxiang</w>
    <w>com.netease.buff</w>
    <w>com.yumc.phsuperapp</w>
    <w>ai.zuoye.app</w>
    <w>com.taobao.mobile.dipei</w>
    <w>com.ksxxzk.edu</w>
    <w>com.seeyon.cmp</w>
    <w>com.imaginer.yunji</w>
    <w>com.tvbc.maiduidui</w>
    <w>com.chinaunicom.zst</w>
    <w>dji.mimo</w>
    <w>com.shanghaionstar</w>
    <w>cn.com.changan.cvim</w>
    <w>com.gangduo.microbeauty</w>
    <w>com.lengjing.poezw</w>
    <w>com.wandafilm.app</w>
    <w>com.xfplay.play</w>
    <w>com.seewo.en</w>
    <w>com.aligames.kuang.kybc.nearme.gamecenter</w>
    <w>com.baidu.xin.aiqicha</w>
    <w>com.gomejr.icash</w>
    <w>com.ocrm.im</w>
    <w>com.hyww.wisdomtree</w>
    <w>com.tencent.portfolio</w>
    <w>com.chinasofti.shanghaihuateng.metroapp</w>
    <w>com.fbx.handwriteime</w>
    <w>com.pingan.papd</w>
    <w>com.ziroom.ziroomcustomer</w>
    <w>com.cqmc.client</w>
    <w>com.peopledailychina.activity</w>
    <w>com.midea.vm.washer</w>
    <w>com.hanweb.android.jszwfw.activity</w>
    <w>com.maimemo.android.momo</w>
    <w>com.scjkl.ovh</w>
    <w>com.android.pctsjq.cdctsoptic</w>
    <w>com.Kingdee.Express</w>
    <w>com.cleanmaster.mguard_cn</w>
    <w>com.sinovatech.gxmobile.ui</w>
    <w>com.paic.yl.health</w>
    <w>com.xinshang.aspire</w>
    <w>com.shuqu.banyan</w>
    <w>com.bwton.tjmetro</w>
    <w>com.wondersgroup.whs</w>
    <w>cn.cty.hbzw</w>
    <w>com.wosai.cashbar</w>
    <w>com.vcredit.ddcash</w>
    <w>com.laiwanyt.laiwanyt</w>
    <w>com.pingan.nt</w>
    <w>com.anjuke.android.newbroker</w>
    <w>com.teslamotors.tesla</w>
    <w>com.sina.oasis</w>
    <w>android.lhictszd.rcwctsspeed</w>
    <w>com.ruidonghy.will</w>
    <w>com.android.fctszz.qvctsspeed</w>
    <w>cn.gov.lottery</w>
    <w>com.cn21.ecloud</w>
    <w>com.digitalchina.mobile.dfhfz1</w>
    <w>com.moocxuetang</w>
    <w>com.mhqq.comic</w>
    <w>andes.oplus.documentsreader</w>
    <w>com.comeback.data</w>
    <w>com.daimler.ris.mercedesme.cn.android</w>
    <w>com.neusoft.rcpsample</w>
    <w>com.xiaoe.client</w>
    <w>com.android.cmctsymn.yrctsapple</w>
    <w>com.vanke.activity</w>
    <w>com.wwwscn.yuexingbao</w>
    <w>com.meitu.meipaimv</w>
    <w>world.letsgo.booster.android.pro</w>
    <w>cn.cdyl.zwxt</w>
    <w>com.shanbay.sentence</w>
    <w>com.tencent.pao</w>
    <w>com.huawei.fans</w>
    <w>com.example.servyouappzhuhai</w>
    <w>com.netease.onmyoji.nearme.gamecenter</w>
    <w>com.runbey.ybjk</w>
    <w>cn.com.njcb.android.mobilebank</w>
    <w>com.xxx.svideo</w>
    <w>com.ibike.publicbicycle.activity</w>
    <w>com.wlqq4consignor</w>
    <w>llbt.ccb.ynga</w>
    <w>com.yiban.app</w>
    <w>com.shuojie.recognize</w>
    <w>com.nxy.hn</w>
    <w>com.cerdillac.proccd.cn</w>
    <w>com.tencent.tmgp.qmdgl</w>
    <w>com.bly.dkplat</w>
    <w>com.hihonor.vmall</w>
    <w>com.ovelin.guitartuna</w>
    <w>com.cmcc.android.ysx</w>
    <w>com.kuihua.wxsk</w>
    <w>com.tencent.tmgp.WePop</w>
    <w>com.qooapp.qoohelper</w>
    <w>com.manmanbuy.bijia</w>
    <w>com.tencent.FileManager</w>
    <w>com.niu.cloud</w>
    <w>com.tencent.mp</w>
    <w>com.bjtongan.anjia365.llpx</w>
    <w>com.manmanlu2</w>
    <w>com.linecorp.foodcamcn.android</w>
    <w>com.tianyancha.skyeyequery</w>
    <w>com.bananavideo.atqb</w>
    <w>com.xj.tiger</w>
    <w>com.psyone.brainmusic</w>
    <w>com.cam.faceshow</w>
    <w>com.picooc</w>
    <w>com.xtuone.android.syllabus</w>
    <w>com.crland.mixc</w>
    <w>com.ylzinfo.chinahrss</w>
    <w>cn.dictcn.android.digitize.swg_xhzd_21003</w>
    <w>com.gome.eshopnew</w>
    <w>com.bwton.szfreego</w>
    <w>com.qcplay.snail.nearme.gamecenter</w>
    <w>com.nike.omega</w>
    <w>com.csg.palmhall</w>
    <w>com.honor.irportalapp</w>
    <w>com.huania.earthquakewarning</w>
    <w>znxdrtgfvghnag.zcsdccvbfb</w>
    <w>com.fxphone</w>
    <w>com.nxy.mobilebank.nm</w>
    <w>com.qp333.car</w>
    <w>com.jingcai.apps.qualitydev</w>
    <w>cn.com.weilaihui3</w>
    <w>co.runner.app</w>
    <w>com.meelive.ingkee</w>
    <w>ch999.app.UI</w>
    <w>com.oceansoft.gzpolice</w>
    <w>com.timanetworks.android.faw.vw.aftermarket.release</w>
    <w>com.tianlutech.ebus</w>
    <w>com.service.android.gov.cn</w>
    <w>com.yuedong.sport</w>
    <w>com.lengjing.ktyaokong</w>
    <w>com.qdccb.bank</w>
    <w>com.cjtec.uncompress</w>
    <w>com.fcbox.hiveconsumer</w>
    <w>rwy.baoan.netsupervisor</w>
    <w>com.suning.mobile.epa</w>
    <w>com.lingying.salesmanhelper</w>
    <w>com.neusoft.tax</w>
    <w>com.hzpd.jwztc</w>
    <w>net.afdian.afdian</w>
    <w>com.tencent.ibg.joox</w>
    <w>com.teamtalk.im</w>
    <w>com.nearme.gamecenter</w>
    <w>com.oppo.store</w>
    <w>com.ngame.allstar.eu</w>
    <w>com.ziipin.homeinn</w>
    <w>com.cliff</w>
    <w>com.ss.android.ugc.livelite</w>
    <w>com.alibaba.android.rimet.jmcls</w>
    <w>com.alibaba.android.rimet.zhmydd</w>
    <w>com.alibaba.android.rimet.aliding</w>
    <w>com.alibaba.android.rimet.ningjiaoyun</w>
    <w>com.alibaba.android.rimet.catlcome</w>
    <w>com.phoenix.read</w>
    <w>com.eggflower.read</w>
    <w>com.woodleaves.read</w>
    <w>com.dttpay.jiaofutong</w>
    <w>com.video.fun.app</w>
    <w>com.instagram.lite</w>
    <w>id.dana</w>
    <w>com.dubox.drive</w>
    <w>free.tube.premium.advanced.tuber</w>
    <w>com.tokopedia.tkpd</w>
    <w>com.UCMobile</w>
    <w>com.zqer.zyweather</w>
    <w>com.ex.bfxtg.nearme.gamecenter</w>
    <w>com.bee.weathesafety</w>
    <w>com.iqiyi.i18n</w>
    <w>com.bilibili.app.in</w>
    <w>com.bstar.intl</w>
    <w>com.able.wisdomtree</w>
    <w>cn.wenyu.bodian</w>
    <w>com.ss.android.yumme.video</w>
    <v>com.coloros.assistantscreen</v>
    <v>com.baidu.netdisk/.ui.Navigate</v>
    <v>com.baidu.netdisk/.ui.WapLauncherActivity</v>
    <w>com.netease.nim.avic</w>
    <w>com.netease.nim.avic.pre</w>
    <w>com.xifan.drama</w>
    <w>com.cloudflare.onedotonedotonedotone</w>
    <v>com.xmcy.hykb</v>
    <v>com.android.vending/.AssetBrowserActivity</v>
    <v>com.pcy.sfdzz.nearme.gamecenter/org.cocos2dx.javascript.AppActivity</v>
    <v>com.opluskgd.onetaplocking/com.oplus.onetaplocking.OneTapLockingActivity</v>
    <v>com.coloros.onekeylockscreen/com.oplus.onekeylockscreen.OneKeyLockScreen</v>
    <v>tv.danmaku.bili/.appwidget.WidgetTransparentActivity</v>
    <v>com.oplus.pantanal.ums/com.oplus.ums.common.wxjump.WXEntryActivity</v>
    <v>com.tencent.qqlive/.open.QQLiveOpenActivity</v>
    <v>com.coloros.gallery3d/com.oplus.gallery.widgetpage.ui.picturemanager.RecommendedManagerActivity</v>
    <v>com.coloros.gallery3d/com.oplus.gallery.widgetpage.ui.picturemanager.CustomPictureManagerActivity</v>
    <v>com.coloros.filemanager/com.oplus.filemanager.cardwidget.label.LabelCardSettingActivity</v>
    <v>com.coloros.systemclone/.clonespace.ui.SwitchToOwnerActivity</v>
    <v>com.coloros.systemclone/.ownerspace.SwitchToCloneActivity</v>
    <v>cn.gov.pbc.dcep</v>
    <v>com.pcy.sfdzz.nearme.gamecenter</v>
    <v>com.oplus.camera</v>
    <v>com.tencent.qqmusic/.third.DispacherActivityForThird</v>
    <v>com.coloros.gallery3d/com.oppo.gallery3d.app.ViewGallery</v>
    <v>com.oneplus.gallery/com.oppo.gallery3d.app.ViewGallery</v>
    <v>com.heytap.opluscarlink/.carcontrol.view.MultiCarChangeActivity</v>
    <v>com.heytap.opluscarlink/.carcontrol.view.ControlRouterActivity</v>
    <v>com.heytap.opluscarlink/.carcontrol.view.CarControlDetailPanelActivity</v>
    <v>com.eg.android.AlipayGphone/com.alipay.mobile.quinox.LauncherActivity.alias</v>
    <v>com.eg.android.AlipayGphone/com.alipay.android.phone.wallet.shortcuts.bridge.ShortcutsLauncherActivity</v>
    <v>com.heytap.browser/com.android.browser.RealBrowserActivity</v>
    <v>cn.wps.moffice_eng/cn.wps.widget.newdocument.NewDocumengtTransitActivity</v>
    <v>com.coloros.digitalwellbeing/.module.main.view.PhoneUseInfoDetailsActivity</v>
    <v>com.lianjia.beike/com.lianjia.secondhouse.activity.SecondHouseDetailActivity</v>
    <v>tv.danmaku.bili/.ui.intent.IntentHandlerActivity</v>
    <v>com.nearme.instant.platform</v>
    <v>com.tencent.junkclean/.MainActivity</v>
    <v>com.zeptoconsumerapp/.MainActivity</v>
    <v>com.lianjia.beike/.loader.a.ActivityN1NRNTS3</v>
    <v>com.coloros.familyguard/.FakeActivity</v>
    <v>com.coloros.familyguard/.CardFakeActivity</v>
    <v>com.nearme.gamecenter/com.cdo.oaps.host.old.WebBridgeActivity</v>
    <v>com.tencent.tmgp.cf/.AFMainActivity</v>
    <v>com.Dominos/.activity.alias.LauncherDefaultAlias</v>
    <v>com.oplus.consumerIRApp/.card.CardAddDeviceActivity</v>
    <v>com.sohu.inputmethod.sogou/.SogouIMELauncher</v>
    <v>in.dmart/.splash.SplashActivity</v>
    <v>com.oplus.safecenter/.privacy.view.space.AppHideLauncherActivity</v>
    <v>com.android.settings/com.oplus.settings.privacy.ConfirmGenericPrivacy</v>
    <v>com.spotify.music</v>
    <v>com.android.intentresolver/.ChooserActivityLauncher</v>
    <v>com.google.android.apps.bard/.shellapp.BardEntryPointActivity</v>
    <v>com.google.android.googlequicksearchbox/com.google.android.apps.search.assistant.surfaces.voice.deeplinks.handlers.gateway.impl.MainAssistantDeeplink</v>
    <v>cn.gov.chinatax.jiangsu.etax.app/io.dcloud.PandoraEntry</v>
    <v>com.heytap.speechassist/.pantanal.PantanalRouterActivity</v>
    <v>com.oplus.ocar/.cards.commute.route.CommuteRouteActivity</v>
    <v>com.cainiao.wireless/.thirdroute.OpenGuoGuoUrlActivity</v>
    <v>com.coloros.filemanager/com.oplus.filemanager.cardwidget.activity.CardWidgetOpenFileActivity</v>
    <v>digital.allen.study/digital.allen.activity.SplashScreenActivity</v>
    <v>com.zeptoconsumerapp/.APP_ICON_CAMPAIGN_2</v>
    <v>com.wuba.zhuanzhuan/.presentation.view.activity.LaunchActivity</v>
    <v>com.oplus.ocar/.settings.CarUnionShortCutActivity</v>
    <v>com.whatsapp/.Conversation</v>
    <v>com.oplus.battery/com.oplus.powermanager.fuelgaue.PowerConsumptionActivity</v>
    <v>com.heytap.speechassist/.deeplink.DeepLinkActivity</v>
    <v>com.oplus.consumerIRApp/.navigation.HomeActivity</v>
    <v>com.tencent.mm/.plugin.base.stub.WXShortcutEntryActivity</v>
    <v>android/com.android.internal.app.UnlaunchableAppActivity</v>
    <v>ridmik.keyboard/com.android.inputmethod.latin.setup.MainActivity</v>
    <v>com.realme.linkcn/com.realme.link.home.SplashActivity</v>
    <v>com.heytap.speechassist/.aichat.ui.AIChatMainActivity</v>
    <v>com.google.android.googlequicksearchbox/com.google.android.apps.gsa.deeplink.DeeplinkActivityEntrypoint</v>
    <v>com.google.android.googlequicksearchbox/com.google.android.apps.search.assistant.surfaces.voice.deeplinks.deeplinktrampolineactivity.DeeplinkTrampolineActivity</v>
    <v>com.google.android.googlequicksearchbox/com.google.android.apps.search.assistant.surfaces.voice.robin.launcher.RobinShellAppEntryPointActivity</v>
    <v>com.google.android.googlequicksearchbox/com.google.android.apps.search.assistant.surfaces.voice.robin.main.MainActivity</v>
    <v>com.tencent.mobileqq/.activity.JumpActivity</v>
    <v>com.google.android.apps.googleassistant/.AssistantActivity</v>
    <v>com.android.settings/com.oplus.settings.privacy.ConfirmNumberPrivacy</v>
    <v>com.oplus.ota/com.oplus.otaui.activity.EntryActivity</v>
    <v>co.shopney.snitch/.MainActivity</v>
    <v>com.google.android.play.games/com.google.android.apps.play.games.features.gamefolder.appdrawer.GameFolderAppDrawerActivity</v>
    <v>com.google.android.play.games/com.google.android.apps.play.games.features.gamefolder.GameFolderActivity</v>
    <v>com.oneplus.filemanager</v>
    <v>com.coloros.filemanager</v>
    <v>com.aurhe.ap15</v>
    <v>com.tencent.jkchess/com.tencent.gcloud.msdk.core.policy.ZGamePolicyActivity</v>
    <v>com.microsoft.launcher/.Launcher</v>
    <v>com.heytap.themestore/com.wx.desktop.bathmos.ui.NewBathMosActivity</v>
    <v>com.heytap.themestore/com.oppo.oaps.host.deeplink.WebBridgeActivity</v>
    <v>com.heytap.themestore/com.nearme.themespace.activities.WebViewActivity</v>
    <v>com.aoaotheone.watersort/org.cocos2dx.javascript.AppActivity</v>
    <v>com.hicorenational.antifraud/ui.activity.MainActivity</v>
    <v>com.oplus.seedlingdemomode/.StartActivity</v>
    <v>com.oplus.ocar</v>
    <v>com.oplus.screenshot</v>
    <v>com.oneplus.note/com.oplus.note.card.note.NoteSelectActivity</v>
    <v>com.android.settings/.enterprise.ActionDisabledByAdminDialog</v>
    <v>com.android.mms/com.oplus.mms.shortcuts.ClearAppDataActivity</v>
    <v>com.android.settings/com.oplus.settings.privacy.ConfirmPatternPrivacy</v>
    <v>com.android.settings/com.oplus.settings.privacy.ConfirmComplexPrivacy</v>
    <v>com.heytap.themestore/com.wx.desktop.webplus.webview.WebExtCompatActivity</v>
    <v>com.tencent.mm/.ui.ShortCutDispatchActivity</v>
    <v>com.likpia.quickstartpro/com.likpia.quickstart.ui.a.SplashActivity</v>
    <v>com.likpia.quickstartpro/com.likpia.quickstart.ui.a.MainActivity</v>
    <v>com.orekie.search/.components.EntryActivity</v>
    <v>com.orekie.search/.components.search.view.activity.SearchActivity</v>
    <v>com.coloros.childrenspace/.view.ChildrenShortCutActivity</v>
    <v>com.coloros.scenemode/com.coloros.shortcut.SeedingRouterActivity</v>
    <v>com.netease.cloudmusic/.music.biz.appwidgets.view.AppwidgetPlayerRedirectActivity</v>
    <v>com.netease.cloudmusic/.activity.RedirectActivity</v>
    <v>com.coloros.calendar/.app.event.eventcard.EventCardTrayActivity</v>
    <v>com.coloros.note/com.nearme.note.activity.richedit.ShareActivity</v>
    <v>com.oplus.beaconlink</v>
    <v>com.heytap.market/com.oppo.cdo.ui.external.desktop.DeskHotAppActivity</v>
    <v>com.heytap.market/com.oppo.cdo.ui.external.desktop.DeskHotGameActivity</v>
    <v>com.tencent.mm/.plugin.appbrand.outerwidget.entry.WidgetEntryActivity</v>
    <v>com.tencent.mm/.plugin.appbrand.ui.AppBrandLauncherFolderUI</v>
    <v>com.gorgeous.lite/com.light.beauty.login.LoadingPageActivity</v>
    <v>com.coloros.childrenspace/.ChildrenModeProxy</v>
    <v>com.coloros.note/com.oplus.note.card.note.NoteSelectActivity</v>
    <v>com.coloros.weather2/com.oplus.weather.quickcard.setting.WeatherCardSettingActivity</v>
    <v>com.coloros.alarmclock/com.coloros.refusedesktop.DialClockSettingActivity</v>
    <v>android/com.android.internal.app.ResolverActivity</v>
    <v>com.android.stk/.OplusStkLauncherActivity1</v>
    <v>com.android.stk/.OplusStkLauncherActivity2</v>
    <v>com.android.stk/.OplusStkLauncherActivity3</v>
    <v>com.android.stk/.OplusStkLauncherActivity4</v>
    <v>com.campmobile.snowcamera/com.linecorp.b612.android.activity.ActivityCamera</v>
    <v>com.campmobile.snowcamera/com.linecorp.b612.android.activity.scheme.SchemeActivity</v>
    <v>com.android.server.telecom/.PrivilegedCallActivity</v>
    <v>android/com.android.internal.app.SuspendedAppActivity</v>
    <z>com.baidu.input</z>
    <z>com.iflytek.inputmethod</z>
    <z>com.tencent.qqpinyin</z>
    <z>com.google.android.inputmethod.pinyin</z>
    <z>com.sohu.inputmethod.sogou</z>
    <z>com.cootek.smartinput5</z>
    <z>com.google.android.inputmethod.latin</z>
    <z>com.sohu.inputmethod.sogouoem</z>
    <z>com.baidu.input_oppo</z>
    <z>com.iflytek.inputmethod.oppo</z>
    <z>com.coloros.smartsidebar</z>
    <z>com.oplus.screenshot</z>
    <aa>com.tencent.mm</aa>
    <aa>com.UCMobile</aa>
    <ab>com.eg.android.AlipayGphone</ab>
    <ab>cn.com.chsi.chsiapp</ab>
    <ab>com.coloros.operationManual</ab>
    <ad>com.cleartrip.android/.common.activities.CleartripHomeActivity</ad>
    <ae>com.tencent.mm/.plugin.recordvideo.activity.MMRecordUI</ae>
    <ae>com.snapchat.android/.LandingPageActivity</ae>
    <af>com.tencent.tmgp.sgame</af>
    <liteos_af>com.ubercab</liteos_af>
    <liteos_af>in.startv.hotstar</liteos_af>
    <liteos_af>com.google.android.apps.youtube.music</liteos_af>
    <af>com.coloros.compass2</af>
    <al>com.android.settings/com.oplus.settings.feature.homepage.OplusSettingsHomepageActivity</al>
    <al>com.android.settings/.Settings</al>
    <aj>com.nearme.gamecenter.ddz.nearme.gamecenter</aj>
    <liteos_v>com.huaxiaozhu.rider</liteos_v>
    <liteos_v>com.speed.ditnarg</liteos_v>
    <liteos_v>com.phoenix.read/com.dragon.read.component.biz.impl.mine.LoginActivity</liteos_v>
    <liteos_w>com.ss.android.article.daziban</liteos_w>
    <liteos_ab>com.google.android.videos</liteos_ab>
    <liteos_ab>com.tencent.transfer</liteos_ab>
    <liteos_ad>com.baidu.homework/.activity.index.IndexActivity</liteos_ad>
    <liteos_ad>com.google.ar.lens/com.google.vr.apps.ornament.app.lens.LensLauncherActivity</liteos_ad>
    <liteos_ad>com.block.juggle/org.cocos2dx.javascript.AppActivity</liteos_ad>
    <liteos_ad>com.agoda.mobile.consumer/.screens.universallogin.UniversalLoginActivity</liteos_ad>
    <liteos_ad>in.amazon.mShop.android.shopping/com.amazon.mShop.navigation.MainActivity</liteos_ad>
    <liteos_ad>com.billiards.city.pool.nation.club/org.cocos2dx.cpp.AppActivity</liteos_ad>
    <liteos_ae>com.gojek.gopay/.MainActivity</liteos_ae>
    <liteos_ae>com.katanlabs.sandballsclassic/com.unity3d.player.UnityPlayerActivity</liteos_ae>
    <liteos_ae>com.Jacky.ClassicCarParking/com.unity3d.player.UnityPlayerActivity</liteos_ae>
    <liteos_ae>com.google.android.apps.maps</liteos_ae>
    <liteos_ae>com.sina.weibo/.wboxsdk.page.acts.WBXPageActivity</liteos_ae>
    <liteos_ae>com.xxwolo.cc5</liteos_ae>
    <liteos_ae>com.com.fullmetalgamedev.animalraceflyingzoo</liteos_ae>
    <liteos_ae>com.zerodha.kite3/.MainActivity</liteos_ae>
    <liteos_ae>com.google.android.youtube</liteos_ae>
    <liteos_ae>app.revanced.android.youtube</liteos_ae>
    <liteos_ae>com.ss.android.article.video</liteos_ae>
    <liteos_ae>com.hortor.juliancysj</liteos_ae>
    <liteos_ae>com.google.android.apps.photos</liteos_ae>
    <liteos_ae>com.google.android.apps.nbu.paisa.user</liteos_ae>
    <liteos_ae>com.baidu.BaiduMap</liteos_ae>
    <liteos_ae>com.ss.android.ugc.aweme.lite</liteos_ae>
    <liteos_ae>com.qiyi.video</liteos_ae>
    <liteos_ae>com.autonavi.minimap</liteos_ae>
    <liteos_ae>com.mxtech.videoplayer.ad/.ActivityScreen</liteos_ae>
    <liteos_ae>com.ss.android.ugc.live</liteos_ae>
    <liteos_ae>com.fullmetalgamedev.fruitshooting</liteos_ae>
    <liteos_ae>com.qq.reader</liteos_ae>
    <liteos_ae>com.okcam.ookcam</liteos_ae>
    <liteos_ae>com.haier.uhome.uplus</liteos_ae>
    <liteos_ae>com.tencent.qqlive</liteos_ae>
    <liteos_ae>com.ss.android.ugc.aweme</liteos_ae>
    <liteos_ae>com.JindoBlu.OfflineGames</liteos_ae>
    <liteos_ae>com.phoenix.read/com.dragon.read.component.biz.impl.mine.LoginActivity</liteos_ae>
    <liteos_ae>com.immomo.momo/com.immomo.molive.gui.activities.live.base.LiveActivity</liteos_ae>
    <liteos_ae>tv.danmaku.bili/com.bilibili.bililive.room.ui.roomv3.LiveRoomActivityV3</liteos_ae>
    <liteos_ae>com.mxtech.videoplayer.ad/.ActivityScreen</liteos_ae>
    <liteos_ae>com.waze</liteos_ae>
    <liteos_ae>ru.yandex.yandexmaps</liteos_ae>
    <liteos_ae>com.kuaishou.nebula/com.yxcorp.gifshow.HomeActivity</liteos_ae>
    <liteos_ag>com.tencent.tmgp.pubgmhd</liteos_ag>
    <liteos_ag>com.nearme.gamecenter.ddz.nearme.gamecenter</liteos_ag>
    <liteos_ag>com.dz.bjmo.nearme.gamecenter</liteos_ag>
    <liteos_ag>com.ss.android.ugc.aweme</liteos_ag>
    <liteos_ah>com.jingdong.app.mall</liteos_ah>
    <liteos_ah>com.eg.android.AlipayGphone</liteos_ah>
    <liteos_ah>com.agoda.mobile.consumer</liteos_ah>
    <liteos_ai>com.jd.game.mxppx.nearme.gamecenter</liteos_ai>
    <liteos_ai>com.sunboxsoft.charge.institute</liteos_ai>
    <liteos_ai>com.google.android.apps.classroom</liteos_ai>
    <liteos_ai>com.qiyi.video</liteos_ai>
    <liteos_ai>com.bee.rain</liteos_ai>
    <liteos_ai>com.autonavi.minimap</liteos_ai>
    <liteos_ai>com.sina.weibo</liteos_ai>
    <liteos_ai>com.videogo</liteos_ai>
    <liteos_ai>com.heytap.music</liteos_ai>
    <liteos_ai>com.tencent.mobileqq</liteos_ai>
    <liteos_ai>com.outfit7.mytalkingangela2</liteos_ai>
    <liteos_ai>com.roblox.client</liteos_ai>
    <liteos_ai>com.ss.android.article.daziban</liteos_ai>
    <liteos_ai>com.UCMobile</liteos_ai>
    <liteos_ai>com.tencent.tmgp.cod</liteos_ai>
    <liteos_ai>com.billiards.city.pool.nation.club</liteos_ai>
    <liteos_ai>com.xs.fm</liteos_ai>
    <liteos_ai>com.tencent.weread</liteos_ai>
    <liteos_ai>com.seewo.en</liteos_ai>
    <liteos_ai>com.google.android.youtube</liteos_ai>
    <liteos_ai>com.baidu.searchbox</liteos_ai>
    <liteos_ak>com.xckj.jymnbh.nearme.gamecenter</liteos_ak>
    <liteos_ak>com.tencent.tmgp.gnyx</liteos_ak>
    <liteos_ak>com.hortor.juliancysj</liteos_ak>
    <liteos_ak>com.xxwolo.cc5</liteos_ak>
</filter-conf>

