<?xml version="1.0" encoding="UTF-8"?>

<wifiromupdate>
    <version>2025021410</version>
    <isOpen>1</isOpen>
    <!-- WIFI CONNECT TEAM -->
    <!-- WIFI CONNECT TEAM :WifiConfigStore.java -->
    <CONNECT_ENABLE_REMOVE_NETWORK_WITH_WRONGKEY>true</CONNECT_ENABLE_REMOVE_NETWORK_WITH_WRONGKEY>

    <!-- genglin.lian@PSW.CN.WiFi.Network.internet.2482161   -->
    <!-- Add for private dns connect failure.-->
    <OPLUS_PRIVATE_DNS_SHOW_DIALOG>true</OPLUS_PRIVATE_DNS_SHOW_DIALOG>

    <!-- WIFI CONNECT TEAM :SupplicantStateTracker.java -->
    <CONNECT_MAX_RETRIES_MANUAL_ASSOCIATION_REJECT>5</CONNECT_MAX_RETRIES_MANUAL_ASSOCIATION_REJECT>
    <CONNECT_MAX_RETRIES_ON_AUTHENTICATION_FAILURE>1</CONNECT_MAX_RETRIES_ON_AUTHENTICATION_FAILURE>
    <CONNECT_MAX_WRONG_KEY_COUNT>2</CONNECT_MAX_WRONG_KEY_COUNT>
    <CONNECT_TIMEOUT_ASSOC_REJECT>15000</CONNECT_TIMEOUT_ASSOC_REJECT>
    <CONNECT_TIMEOUT_MANUAL_CONNECT>30000</CONNECT_TIMEOUT_MANUAL_CONNECT>
    <CONNECT_TIMEOUT_AUTO_CONNECT>20000</CONNECT_TIMEOUT_AUTO_CONNECT>
    <CONNECT_TIMEOUT_AUTH_FAILURE>15000</CONNECT_TIMEOUT_AUTH_FAILURE>
    <CONNECT_MAX_RETRIES_ON_ASSOCIATION_REJECT>12</CONNECT_MAX_RETRIES_ON_ASSOCIATION_REJECT>

    <WIFI_LOG_REPORT_ENABLED>false</WIFI_LOG_REPORT_ENABLED>
    <CONNECT_TRIGGER_DUMPINFO_THRESHOLD>1</CONNECT_TRIGGER_DUMPINFO_THRESHOLD>
    <CONNECT_FAIL_REASON_FOR_LOG_REPORT>1,2,5,9,10</CONNECT_FAIL_REASON_FOR_LOG_REPORT>
    <DISCONNECTION_REASON_NOT_FOR_LOG_REPORT>1,2,3,4,5,6,7,8,15,16,34,2000,2001,2002,2003,2004,2005,2006,3000,3001,3012,3014,10003,10010,10013,10015</DISCONNECTION_REASON_NOT_FOR_LOG_REPORT>
    <SCAN_IE_FOR_REPORT>54,70,89,127,221</SCAN_IE_FOR_REPORT>

    <!-- Add for wifi connection recovery -->
    <RECOVERY_FEATURE_ENABLED>true</RECOVERY_FEATURE_ENABLED>
    <RECOVERY_SUPPLICANT_FAILURE_TRIGGER_ENABLED>true</RECOVERY_SUPPLICANT_FAILURE_TRIGGER_ENABLED>
    <RECOVERY_SUPPLICANT_FAILURE_THRESHOLD>5</RECOVERY_SUPPLICANT_FAILURE_THRESHOLD>
    <RECOVERY_SCAN_EMPTY_TRIGGER_ENABLED>true</RECOVERY_SCAN_EMPTY_TRIGGER_ENABLED>
    <RECOVERY_SCAN_EMPTY_THRESHOLD>10</RECOVERY_SCAN_EMPTY_THRESHOLD>
    <RECOVERY_SCAN_EMPTY_LOG_ON>false</RECOVERY_SCAN_EMPTY_LOG_ON>
    <RECOVERY_SCAN_FAILURE_TRIGGER_ENABLED>true</RECOVERY_SCAN_FAILURE_TRIGGER_ENABLED>
    <RECOVERY_SCAN_FAILURE_THRESHOLD>6</RECOVERY_SCAN_FAILURE_THRESHOLD>
    <RECOVERY_SAE_BACKOFF_ENABLED>true</RECOVERY_SAE_BACKOFF_ENABLED>
    <RECOVERY_SAE_BACKOFF_COUNT>2</RECOVERY_SAE_BACKOFF_COUNT>
    <RECOVERY_FACTORY_MAC_FAILURE_ENABLED>true</RECOVERY_FACTORY_MAC_FAILURE_ENABLED>
    <RECOVERY_FACTORY_MAC_RETRY_COUNT>3</RECOVERY_FACTORY_MAC_RETRY_COUNT>
    <RECOVERY_RSSI_THRESHOLD>-70</RECOVERY_RSSI_THRESHOLD>
    <RECOVERY_ACTIVE_ENABLED>true</RECOVERY_ACTIVE_ENABLED>
    <RECOVERY_PASSIVE_ENABLED>true</RECOVERY_PASSIVE_ENABLED>
    <RECOVERY_LIMIT_PACKAGE>com.oplus.wirelesssettings</RECOVERY_LIMIT_PACKAGE>

    <!-- WIFI CONNECT TEAM :Add for get wifiInfo permission white list -->
    <CONNECT_WIFIINFO_PACKAGE>com.android.server.wifi,com.coloros.wifisecuredetect</CONNECT_WIFIINFO_PACKAGE>


    <!-- WIFI NETWORK TEAM -->
    <!-- WiFi.Network.internet.N18 873764 -->
    <NETWORK_MTU>1500</NETWORK_MTU>

    <UNEXPECTED_DISCONNECTION_REASON_FOR_OIDT>-4,14,16,19,2001,3001,3002,3007,3010,3012,3014,3015,1003,1013,1015,1006,10013,10003,10015,10006</UNEXPECTED_DISCONNECTION_REASON_FOR_OIDT>
    <OPLUS_BATTERY_PACKAGE_NAME>com.oplus.battery</OPLUS_BATTERY_PACKAGE_NAME>

    <!-- Add for statistics scan few ap -->
    <OPLUS_FEW_AP_NUM>5</OPLUS_FEW_AP_NUM>

    <!-- GongTao@CONNECTIVITY.WIFI.CONNECTION.CONNECT.3646393, 2022/05/24, -->
    <!-- Add for avoiding switch network when backup -->
    <OPLUS_WIFI_ASSISTANT_BACKUP_HOTSOPT_PREFIX>_co_ap</OPLUS_WIFI_ASSISTANT_BACKUP_HOTSOPT_PREFIX>

    <!-- Yaosheng.Zhou@CONNECTIVITY.WIFI.CONNECTION.CONNECT.3992228, 2022/08/09, -->
    <!-- Add for common connect app -->
    <COMMON_CONNECT_APP>android.uid.system,android.uid.systemui,com.oplus.wirelesssettings,com.snda.wifilocating,com.snda.lantern.wifilocating,com.qihoo.freewifi,com.tencent.wifimanager,com.wifi.key</COMMON_CONNECT_APP>

    <!-- xuchongwen@CONNECTIVITY.WIFI.P2P.4990425,2022/03/16-->
    <!-- add for p2p 6G 320M feature-->
    <OPLUS_6G_320M_P2P_CONFIG>true</OPLUS_6G_320M_P2P_CONFIG>
    <OPLUS_6G_320M_APP_WHITE_LIST>com.coloros.oshare,com.oplus.oshare</OPLUS_6G_320M_APP_WHITE_LIST>

    <!-- Yuan.Huang@PSW.CN.WiFi.Network.internet.1197891, 2018/04/10, -->
    <!-- Add for SLA -->
    <NETWORK_SLA_ENABLED>true</NETWORK_SLA_ENABLED>
    <NETWORK_SLA_APPS_DEFAULT_STATE>true</NETWORK_SLA_APPS_DEFAULT_STATE>
    <NETWORK_SLA_DEFAULT_FALSE_APPS>not.defined</NETWORK_SLA_DEFAULT_FALSE_APPS>
    <NETWORK_SLA_APPS>com.heytap.browser,com.android.browser,com.coloros.browser,com.UCMobile,com.sina.weibo,
                           ,com.netease.newsreader.activity,com.jingdong.app.mall,com.tmall.wireless,
                           ,com.achievo.vipshop,com.xunmeng.pinduoduo,com.baidu.tieba,com.qzone,com.zhihu.android,com.xingin.xhs,com.baidu.browser.apps,
                           ,com.tencent.mtt,com.eg.android.AlipayGphone,me.ele,com.sankuai.meituan,com.sankuai.meituan.takeoutnew,com.dianping.v1,
                           ,com.moji.mjweather,com.Qunar,com.tencent.news,com.tencent.reading,com.sohu.newsclient,com.ss.android.auto,com.suning.mobile.ebuy,
                           ,com.cubic.autohome,com.smile.gifmaker,com.kuaishou.nebula,com.youku.phone,com.tencent.qqlive,tv.danmaku.bili,com.tencent.wemeet.app,us.zoom.videomeetings</NETWORK_SLA_APPS>
    <NETWORK_SLA_APPS_EXP>com.whatsapp,in.mohalla.sharechat,app.buzz.share,com.facebook.orca,com.UCMobile.intl,
                           ,com.mcent.browser,com.redefine.welike,com.instagram.android,com.heytap.browser,com,com.android.browser,
                           ,com.coloros.browser,com.android.chrome,com.opera.browser.beta,com.opera.browser,com.chrome.dev,com.chrome.beta,com.chrome.canary,org.mozilla.klar,
                           ,org.mozilla.firefox,com.microsoft.emmx,org.torproject.torbrowser,com.duckduckgo.mobile.android,com.facebook.katana,org.mozilla.firefox,com.opera.browser,us.zoom.videomeetings,
                           ,com.einnovation.temu,com.reddit.frontpage,com.twitter.android,org.telegram.messenger,org.thunderdog.challegram,com.zzkko,com.ss.android.ugc.trill</NETWORK_SLA_APPS_EXP>
    <NETWORK_SLA_GAME_APPS>not.defined,com.tencent.tmgp.sgame</NETWORK_SLA_GAME_APPS>
    <NETWORK_SLA_GAME_APPS_EXP>not.defined,not.defined,com.tencent.ig</NETWORK_SLA_GAME_APPS_EXP>
    <NETWORK_SLA_ENABLED_MCC>460,404-405-406,310-311-312-313-314-315-316,206-260-238-244-226-242-240-202-204-228-232</NETWORK_SLA_ENABLED_MCC>
    <NETWORK_SLA_PARAMS>200,500,1000,500,230,200,220,55,75,2000,2200,200,55</NETWORK_SLA_PARAMS>
    <NETWORK_SPEED_RTT_PARAMS>150,100,250,200,150,0,5,10,15,10,5,0,5</NETWORK_SPEED_RTT_PARAMS>
    <NETWORK_SLA_GAME_PARAMS>4#8#00000001000c0003,4#8#000003e9000c0003,5#5#0864100118,5#5#0865100018</NETWORK_SLA_GAME_PARAMS>

    <OPLUS_WIFI_MRC_ROUTER_WHITELIST>TL-XDR3010,TL-WR886N,TL-WR842N,TL-WDR7660,TL-XDR5430,R4A,WS7100,WS7200,WS7206,FW325R,RM2100,MW325R,ac10v5</OPLUS_WIFI_MRC_ROUTER_WHITELIST>

    <!-- SuPei@CONNECTIVITY.WIFI.NETWORK, 2021/04/27 -->
    <NETWORK_SLA_GAME_HIGH_TEMPERATURE_UP_THRED>41</NETWORK_SLA_GAME_HIGH_TEMPERATURE_UP_THRED>
    <NETWORK_SLA_GAME_LOW_TEMPERATURE_DOWN_THRED>39</NETWORK_SLA_GAME_LOW_TEMPERATURE_DOWN_THRED>
    <NETWORK_SLA_NORMAL_APP_HIGH_TEMPERATURE_UP_THRED>39</NETWORK_SLA_NORMAL_APP_HIGH_TEMPERATURE_UP_THRED>
    <NETWORK_SLA_NORMAL_APP_LOW_TEMPERATURE_DOWN_THRED>37</NETWORK_SLA_NORMAL_APP_LOW_TEMPERATURE_DOWN_THRED>
    <NETWORK_SLA_TEMPERATURE_ENABLED>true</NETWORK_SLA_TEMPERATURE_ENABLED>
    <NETWORK_SLA_HIGH_TEMPERATURE_COLD_DOWN_DELAY_SEC>900</NETWORK_SLA_HIGH_TEMPERATURE_COLD_DOWN_DELAY_SEC>

    <!-- ZouLang@CONNECTIVITY.WIFI.NETWORK, 2024/09/20 -->
    <NETWORK_SLA_EXTREME_HIGH_TEMPERATURE_THRED>45</NETWORK_SLA_EXTREME_HIGH_TEMPERATURE_THRED>
    <NETWORK_SLA_RETURN_TO_WIFI_CNT_LIMIT>2</NETWORK_SLA_RETURN_TO_WIFI_CNT_LIMIT>

    <SLA_ENABLE_CELL_GAME_LATENCY>110</SLA_ENABLE_CELL_GAME_LATENCY>
    <SLA_SWITCH_CELL_GAME_LATENCY>190</SLA_SWITCH_CELL_GAME_LATENCY>
    <GAME_LATENCY_DELAY_MS>5000</GAME_LATENCY_DELAY_MS>
    <SLA_ENABLE_CELL_GAME_SCORE>70</SLA_ENABLE_CELL_GAME_SCORE>
    <SLA_SWITCH_CELL_GAME_SCORE>60</SLA_SWITCH_CELL_GAME_SCORE>
    <GAME_SCORE_DELAY_MS>5000</GAME_SCORE_DELAY_MS>

    <OPLUS_WIFI_ASSISTANT_GAME_CHANGE_NETWORK_PENDING_SUPPORT>true</OPLUS_WIFI_ASSISTANT_GAME_CHANGE_NETWORK_PENDING_SUPPORT>
    <OPLUS_WIFI_ASSISTANT_GAME_CHANGE_NETWORK_DEFAULT_SCORE>30</OPLUS_WIFI_ASSISTANT_GAME_CHANGE_NETWORK_DEFAULT_SCORE>
    <OPLUS_WIFI_ASSISTANT_GAME_CHANGE_NETWORK_DELAY_THRESHOLD>350</OPLUS_WIFI_ASSISTANT_GAME_CHANGE_NETWORK_DELAY_THRESHOLD>
    <OPLUS_WIFI_ASSISTANT_GAME_DETECT_NETWORK_TIMEOUT_THRESHOLD>400</OPLUS_WIFI_ASSISTANT_GAME_DETECT_NETWORK_TIMEOUT_THRESHOLD>
    <!-- liuwei@NETWORK.DATA.SLA.GAMESWITCH, 2021/11/20 -->
    <NETWORK_SLA_GAMESWITCH_ENABLE>true</NETWORK_SLA_GAMESWITCH_ENABLE>
    <NETWORK_SLA_GAMESWITCH_ENABLE_NETWORK_LIMIT>true</NETWORK_SLA_GAMESWITCH_ENABLE_NETWORK_LIMIT>
    <NETWORK_SLA_GAMESWITCH_MAX_LIMIT_TIMES>2</NETWORK_SLA_GAMESWITCH_MAX_LIMIT_TIMES>
    <NETWORK_SLA_GAMESWITCH_WIFI_GOOD_RTT>50</NETWORK_SLA_GAMESWITCH_WIFI_GOOD_RTT>
    <NETWORK_SLA_GAMESWITCH_MAX_RTT_EXPAND>15</NETWORK_SLA_GAMESWITCH_MAX_RTT_EXPAND>

    <!-- LiuWei@NETWORK.DATA.SLA.NETWORK.SWITCH.3620875, 2022/05/11 -->
    <SLA_NETWORK_FAST_SWITCH_ENABLE>true</SLA_NETWORK_FAST_SWITCH_ENABLE>
    <SLA_NETWORK_UDP_FAST_SWITCH_APPS>us.zoom.videomeetings,com.whatsapp,com.whatsapp.w4b,com.microsoft.teams,com.google.android.apps.tachyon,org.thunderdog.challegram</SLA_NETWORK_UDP_FAST_SWITCH_APPS>
    <SLA_NETWORK_TCP_FAST_SWITCH_APPS>us.zoom.videomeetings,com.miHoYo.Yuanshen,com.tencent.news,com.netease.newsreader.activity,com.sina.news,com.sohu.newsclient,
                                        ,com.heytap.browser,com.tencent.mtt,com.teamtalk.im,com.ocrm.im,org.thunderdog.challegram,com.android.chrome</SLA_NETWORK_TCP_FAST_SWITCH_APPS>
    <SLA_NETWORK_FAST_SWITCH_ACTIVITIES>com.ss.android.article.news.activity.MainActivity,
        ,com.ss.android.ugc.aweme.main.MainActivity,com.ss.android.ugc.aweme.splash.SplashActivity,
        ,com.ss.android.ugc.aweme.live.LivePlayActivity,com.ss.android.ugc.aweme.detail.ui.DetailActivity,
        ,com.ss.android.ugc.aweme.live.LivePlayActivityV2</SLA_NETWORK_FAST_SWITCH_ACTIVITIES>

    <!-- LiuWei@NETWORK.DATA.NETWORK.GAME_FIRST, 2022/10/02 -->
    <OPLUS_TX_FIRST_ENABLE>true</OPLUS_TX_FIRST_ENABLE>
    <OPLUS_TX_DYNAMIC_LIMIT>true</OPLUS_TX_DYNAMIC_LIMIT>
    <OPLUS_TX_SET_QDISC_RSSI>-68</OPLUS_TX_SET_QDISC_RSSI>
    <OPLUS_TX_CANCEL_QDISC_RSSI>-60</OPLUS_TX_CANCEL_QDISC_RSSI>
    <OPLUS_BAD_WIFI_RTT>90</OPLUS_BAD_WIFI_RTT>
    <OPLUS_RX_FIRST_ENABLE>true</OPLUS_RX_FIRST_ENABLE>

    <!-- ZengHui@CONNECTIVITY.WIFI.NETWORK, 2021/12/21 -->
    <SLA_GAME_TIMEOUT_LATENCY>300</SLA_GAME_TIMEOUT_LATENCY>
    <SLA_GAME_TERRIBLE_SWITCH_DELAY>2000</SLA_GAME_TERRIBLE_SWITCH_DELAY>
    <SLA_GAME_BAD_SWITCH_DELAY>3000</SLA_GAME_BAD_SWITCH_DELAY>
    <!-- Add for high temperature threshold customize with properties -->
    <SLA_GAME_TEMPERATURE_CUSTOM_ENABLED>true</SLA_GAME_TEMPERATURE_CUSTOM_ENABLED>

    <!-- LiuZixuan@CONNECTIVITY.WIFI.P2P.5G160M , 2024/09/24 -->
    <!-- add for 5G160M VALUE_HIGH_TEMP_PROTECT -->
    <VALUE_HIGH_TEMP_PROTECT>47</VALUE_HIGH_TEMP_PROTECT>

    <!-- Shixing.Ke@PSW.CN.WiFi.Network.internet.1809314, 2019/08/16, -->
    <OPLUS_SLA_SET_DEBUG>false</OPLUS_SLA_SET_DEBUG>

    <!-- ZhaoXiang@CONNECTIVITY.WIFI.CONNECT.SMARTWIFI.3055896 -->
    <!-- Add for network switch between wifi and cell -->
    <OPLUS_SEAMLESS_NETWORK_SWITCH_ENABLE>true</OPLUS_SEAMLESS_NETWORK_SWITCH_ENABLE>
    <OPLUS_SEAMLESS_NETWORK_SWITCH_STATISTICS_ENABLE>true</OPLUS_SEAMLESS_NETWORK_SWITCH_STATISTICS_ENABLE>
    <OPLUS_SEAMLESS_NETWORK_SWITCH_BAD_DELAY_MS>3000</OPLUS_SEAMLESS_NETWORK_SWITCH_BAD_DELAY_MS>
    <OPLUS_SEAMLESS_NETWORK_SWITCH_GOOD_DELAY_MS>350</OPLUS_SEAMLESS_NETWORK_SWITCH_GOOD_DELAY_MS>
    <OPLUS_SEAMLESS_NETWORK_SWITCH_GAME_BAD_DALAY_MS>200</OPLUS_SEAMLESS_NETWORK_SWITCH_GAME_BAD_DALAY_MS>
    <OPLUS_SEAMLESS_NETWORK_SWITCH_TXPER_BAD_THRESHOLD>60</OPLUS_SEAMLESS_NETWORK_SWITCH_TXPER_BAD_THRESHOLD>
    <OPLUS_SEAMLESS_NETWORK_SWITCH_TXPER_GOOD_THRESHOLD>50</OPLUS_SEAMLESS_NETWORK_SWITCH_TXPER_GOOD_THRESHOLD>
    <OPLUS_SEAMLESS_NETWORK_SWITCH_TXPER_GAME_THRESHOLD>85</OPLUS_SEAMLESS_NETWORK_SWITCH_TXPER_GAME_THRESHOLD>
    <OPLUS_SEAMLESS_NETWORK_SWITCH_THROUGHPUT_THRESHOLD>80</OPLUS_SEAMLESS_NETWORK_SWITCH_THROUGHPUT_THRESHOLD>
    <OPLUS_SEAMLESS_NETWORK_SWITCH_THROUGHPUT_INCREMENT>40,60,80</OPLUS_SEAMLESS_NETWORK_SWITCH_THROUGHPUT_INCREMENT>
    <OPLUS_SEAMLESS_NETWORK_SWITCH_CCALEVEL_THRESHOLD>180</OPLUS_SEAMLESS_NETWORK_SWITCH_CCALEVEL_THRESHOLD>
    <OPLUS_SEAMLESS_NETWORK_SWITCH_RTT_THRESHOLD>200</OPLUS_SEAMLESS_NETWORK_SWITCH_RTT_THRESHOLD>
    <OPLUS_SEAMLESS_NETWORK_SWITCH_RTT_LEVEL>300,400,500</OPLUS_SEAMLESS_NETWORK_SWITCH_RTT_LEVEL>
    <OPLUS_SEAMLESS_NETWORK_SWITCH_REGION>cn</OPLUS_SEAMLESS_NETWORK_SWITCH_REGION>
    <OPLUS_SEAMLESS_NETWORK_SWITCH_REGION_EXP>us</OPLUS_SEAMLESS_NETWORK_SWITCH_REGION_EXP>

    <!-- Yuan.Huang@PSW.CN.WiFi.Network.internet.1809314, 2019/07/26, -->
    <!-- Add for dual wifi -->
    <NETWORK_DUAL_STA_APPS>com.heytap.browser,com.android.browser,com.coloros.browser,com.UCMobile,com.tencent.mtt,com.baidu.browser.apps,sogou.mobile.explorer,
                           ,com.tencent.mm,com.tencent.mobileqq,com.sina.weibo,com.qzone,com.zhihu.android,com.baidu.tieba,
                           ,com.tencent.wework,com.tencent.androidqqmail,com.netease.newsreader.activity,com.ss.android.article.news,com.tencent.news,com.tencent.reading,
                           ,com.jifen.qukan,com.sohu.newsclient,com.sina.news,com.taobao.taobao,com.jingdong.app.mall,com.tmall.wireless,com.achievo.vipshop,
                           ,com.xunmeng.pinduoduo,com.xingin.xhs,com.kaola,com.meiyou.youzijie,com.mogujie,com.huanshou.taojj,com.jm.android.jumei,com.suning.mobile.ebuy,
                           ,com.eg.android.AlipayGphone,me.ele,com.sankuai.meituan,com.sankuai.meituan.takeoutnew,com.dianping.v1,com.moji.mjweather,bubei.tingshu,
                           ,com.xiachufang,com.gotokeep.keep,com.soufun.app,com.meilishuo,com.tencent.weread,com.qq.reader,com.kuaikan.comic,cn.xuexi.android,
                           ,com.handsgo.jiakao.android,com.homelink.android,com.lianjia.beike,com.anjuke.android.app,com.wuba,com.meitu.meiyancamera,com.didapinche.booking,
                           ,com.cubic.autohome,com.alibaba.android.rimet,com.tmri.app.main,com.taobao.idlefish,com.tencent.karaoke,com.ximalaya.ting.android,com.sdu.didi.psnger,
                           ,ctrip.android.view,com.Qunar,com.taobao.trip,com.tencent.qqlive,com.qiyi.video,
                           ,com.sohu.sohuvideo,com.bokecc.dance,cn.xiaochuankeji.tieba,com.baidu.haokan,com.tencent.weishi,
                           ,com.netease.cloudmusic,com.kugou.android,
                           ,com.tencent.qqmusic,cn.kuwo.player,com.tencent.android.qqdownloader,com.nearme.gamecenter,com.xunlei.downloadprovider,
                           ,com.baidu.netdisk,com.wandoujia.phoenix2,com.baidu.BaiduMap,com.autonavi.minimap,com.tencent.map,com.sup.android.superb</NETWORK_DUAL_STA_APPS>
    <NETWORK_DUAL_STA_APPS_EXP>com.whatsapp,com.facebook.katana,com.instagram.android,com.facebook.orca,com.facebook.lite,com.truecaller,org.telegram.messenger,org.thunderdog.challegram,com.facebook.mlite,
                           ,in.mohalla.sharechat,com.snapchat.android,com.UCMobile.intl,com.opera.mini.native,com.opera.browser,org.mozilla.firefox,com.mcent.browser,
                           ,in.amazon.mShop.android.shopping,com.flipkart.android,com.shopee.id,com.tokopedia.tkpd,com.bukalapak.android,com.lazada.android,com.lenovo.anyshare.gps,
                           ,com.jio.myjio,com.whereismytrain.android,com.phonepe.app,com.application.zomato,com.telkomsel.telkomselcm,com.eterno,com.twitter.android,com.uc.iflow,
                           ,com.jio.media.jioxpressnews,com.zhiliaoapp.musically,com.mxtech.videoplayer.ad,com.ss.android.ugc.trill,video.like,com.ss.android.ugc.trill.go,
                           ,com.uc.vmate,com.zhiliaoapp.musically.go,in.startv.hotstar,com.google.android.youtube,app.revanced.android.youtube,com.jio.jioplay.tv,com.amazon.avod.thirdpartyclient,com.tv.v18.viola,
                           ,tv.accedo.airtel.wynk,com.netflix.mediaclient,com.yy.hiyo,com.heytap.browser,com.android.browser,com.coloros.browser</NETWORK_DUAL_STA_APPS_EXP>
    <NETWORK_VIDEO_APPS>com.tencent.qqlive,com.youku.phone,com.qiyi.video,com.sohu.sohuvideo,tv.danmaku.bili,com.ss.android.ugc.aweme,com.smile.gifmaker,air.tv.douyu.android,
                           ,com.ss.android.ugc.live,com.hunantv.imgo.activity,com.ss.android.article.video,com.duowan.kiwi,com.bokecc.dance,cn.xiaochuankeji.tieba,
                           ,com.meelive.ingkee,com.tencent.weishi,com.huajiao,com.baidu.haokan</NETWORK_VIDEO_APPS>
    <NETWORK_DOWNLOAD_APPS>com.tencent.android.qqdownloader,com.oppo.market,com.heytap.market,com.nearme.gamecenter,com.xunlei.downloadprovider,com.baidu.netdisk,com.wandoujia.phoenix2</NETWORK_DOWNLOAD_APPS>
    <NETWORK_REQUESTOR_APPS>com.heytap.market,com.tencent.cmocmna,com.tencent.start,com.oplus.nas</NETWORK_REQUESTOR_APPS>
    <NETWORK_SKIP_DESTROY_SOCKET_APPS>com.alibaba.android.rimet,com.tencent.start,com.oplus.ocar,com.baidu.carlife.oppo,com.oplus.cast</NETWORK_SKIP_DESTROY_SOCKET_APPS>

    <!-- YangJiang@CONNECTIVITY.WIFI.NETWORK.5077615, 2022/12/25, -->
    <!-- Add for Wifi OPENAPI control -->
    <OPLUS_WIFI_OPENAPI_FEATURE>true</OPLUS_WIFI_OPENAPI_FEATURE>
    <OPLUS_WIFI_OPENAPI_HANDLEDUALSTA>true</OPLUS_WIFI_OPENAPI_HANDLEDUALSTA>
    <OPLUS_WIFI_OPENAPI_QOE>true</OPLUS_WIFI_OPENAPI_QOE>
    <OPLUS_WIFI_OPENAPI_NETWORKSELECTION>true</OPLUS_WIFI_OPENAPI_NETWORKSELECTION>
    <OPLUS_WIFI_OPENAPI_OLK_CALLBACK>true</OPLUS_WIFI_OPENAPI_OLK_CALLBACK>

    <!-- Wei.Wang@PSW.CN.WiFi.Network.login.1854960, 2019/03/30,   -->
    <!-- Add for [1854960] disable tcp random timestamp,some networks limit tcp syn before login-->
    <CHANGE_TCP_RANDOM_TIMESTAMP>true</CHANGE_TCP_RANDOM_TIMESTAMP>

    <!-- Yuan.Huang@CONNECTIVITY.WiFi.Network.3370926, 2022/03/28,   -->
    <!-- Add for [3370926] domestic and foreign market use different captive portal package names-->
    <OPLUS_CAPTIVE_PORTAL_PACKAGE_NAME>com.google.android.captiveportallogin,com.android.captiveportallogin</OPLUS_CAPTIVE_PORTAL_PACKAGE_NAME>

    <!-- YangQing@CONNECTIVITY.WiFi.Network.7845157, add block app list for tcp stats. -->
    <NETWORK_TCP_STATS_SKIP_APP_LIST>com.android.launcher,com.android.settings,com.oplus.wirelesssettings,
        com.android.contacts,com.coloros.gallery3d,com.coloros.backuprestore,com.oplus.camera,
        com.android.mms,com.coloros.filemanager,com.oplus.logkit</NETWORK_TCP_STATS_SKIP_APP_LIST>

    <!-- WIFI BASIC TEAM -->

    <!-- #ifdef OPLUS_FEATURE_WIFI_SWITCH_RECOVERY -->
    <!--  XiaSong@CONNECTIVITY.WIFI.HARDWARE.SWITCHRECOVERY.200809, 2021/6/7, -->
    <!--  Add for wifi silence recovery -->
    <OPLUS_HARDWARE_SILENCE_RECOVRRY_ON>1</OPLUS_HARDWARE_SILENCE_RECOVRRY_ON>
    <!-- #endif /*OPLUS_FEATURE_WIFI_SWITCH_RECOVERY*/ -->

    <!-- XiaSong@CONNECTIVITY.WIFI.HARDWARE.SWITCH.1069763, 2021/6/16 -->
    <!-- Add for wifi switch monitor -->
    <OPLUS_BASIC_WIFI_SWITCH_LOG_COLLECT_ENABLED>true</OPLUS_BASIC_WIFI_SWITCH_LOG_COLLECT_ENABLED>
    <OPLUS_BASIC_WIFI_FRAMEWORK_CHECK_WIFI_SWITCH>true</OPLUS_BASIC_WIFI_FRAMEWORK_CHECK_WIFI_SWITCH>
    <OPLUS_BASIC_WIFI_SWITCH_LOG_STAGE>4</OPLUS_BASIC_WIFI_SWITCH_LOG_STAGE>
    <OPLUS_BASIC_WIFI_SWITCH_LOG_LIMIT>6</OPLUS_BASIC_WIFI_SWITCH_LOG_LIMIT>
    <OPLUS_BASIC_WIFI_SWITCH_RETRY_LIMIT>6</OPLUS_BASIC_WIFI_SWITCH_RETRY_LIMIT>

    <!-- JiaoBo@PSW.CN.WiFi.Basic.SoftAP.1986064, 2019/05/07 -->
    <!-- Add for: scan And Ap Concurrency support -->
    <OPLUS_BASIC_SCAN_AND_SOFTAP_CONCURRENCY_ENABLED>true</OPLUS_BASIC_SCAN_AND_SOFTAP_CONCURRENCY_ENABLED>
    <OPLUS_BASIC_SCAN_AND_SOFTAP_CONCURRENCY_LOCATION_PKG>com.baidu.map.location,com.amap.android.location,com.amap.android.ams,com.autonavi.minimap,com.baidu.BaiduMap</OPLUS_BASIC_SCAN_AND_SOFTAP_CONCURRENCY_LOCATION_PKG>

    <!-- Guotian.Wu@PSW.CN.Wifi.Basic.P2P.2298648, 2019/05/09 -->
    <!-- add for collect wifip2p log -->
    <OPLUS_BASIC_WIFI_P2P_WFD_LOG_COLLECT_ENBALE>false</OPLUS_BASIC_WIFI_P2P_WFD_LOG_COLLECT_ENBALE>
    <OPLUS_BASIC_WIFI_P2P_OSHARE_LOG_COLLECT_ENBALE>false</OPLUS_BASIC_WIFI_P2P_OSHARE_LOG_COLLECT_ENBALE>
    <!-- add for collect linkdata -->
    <OPLUS_BASIC_WIFI_P2P_LINKDATA_COLLECT_ENBALE>false</OPLUS_BASIC_WIFI_P2P_LINKDATA_COLLECT_ENBALE>

    <!-- LiuZixuan@CONNECTIVITY.WIFI.P2P.DCS.5478128, 2023/06/29 -->
    <!-- add for collect wifip2p EAP log -->
    <OPLUS_P2P_EAP_LOG_COLLECT_ENBALE>false</OPLUS_P2P_EAP_LOG_COLLECT_ENBALE>
    <P2P_LOG_FEEDBACK_SUPPORTED_COUNTEY_LISIT>CN</P2P_LOG_FEEDBACK_SUPPORTED_COUNTEY_LISIT>

    <!-- LiuZixuan@CONNECTIVITY.WIFI.P2P.CSA.7051134, 2024/06/13 -->
    <!-- add for CSA RUS feature -->
    <P2P_CSA_ENABLED>true</P2P_CSA_ENABLED>

    <!-- Lei.Zhang@CONNECTIVITY.WIFI.HARDWARE.RUS.2795386, 2021/06/20, Modify for Android S compatible -->
    <!-- add for: support auto update function, include mtk fw, mtk wifi.cfg, qcom fw, qcom bdf, qcom ini -->
    <OPPO_BASIC_WIFI_CUSTOM_WCN_RUS>true</OPPO_BASIC_WIFI_CUSTOM_WCN_RUS>
    <OPPO_BASIC_WIFI_CUSTOM_WCN_RUS_MTK>true</OPPO_BASIC_WIFI_CUSTOM_WCN_RUS_MTK>
    <OPPO_BASIC_WIFI_CUSTOM_WCN_RUS_QCOM>false</OPPO_BASIC_WIFI_CUSTOM_WCN_RUS_QCOM>

    <!-- JiaoBo@CONNECTIVITY.WIFI.HARDWARE.CRASH.1162003, 2020/06/11 -->
    <!-- add for wifi dump related log collection and DCS handle, dynamic enable/disable wifi core dump, offer trigger wifi dump API. -->
    <BASIC_WIFI_DUMP_ENABLE>false</BASIC_WIFI_DUMP_ENABLE>
    <BASIC_WIFI_FULLDUMP_ENABLE>false</BASIC_WIFI_FULLDUMP_ENABLE>
    <MINIDUMP_LOG_UPLOAD_LIMIT>5</MINIDUMP_LOG_UPLOAD_LIMIT>
    <MINIDUMP_LOG_UPLOAD_INTERVAL>10800000</MINIDUMP_LOG_UPLOAD_INTERVAL>
    <WIFI_MINIDUMP_OPTIMIZE_ENABLE>true</WIFI_MINIDUMP_OPTIMIZE_ENABLE>

    <!-- GeXuYang@CONNECTIVITY.WIFI.HARDWARE.MINIDUMP.4059316, 2022/07/27 -->
    <!-- add for region that support wifi minidump/log collected and postbacked. -->
    <WIFI_MINIDUMP_LOG_FEEDBACK_SUPPORTED_COUNTEY_LISIT>CN,OC,IN,SG</WIFI_MINIDUMP_LOG_FEEDBACK_SUPPORTED_COUNTEY_LISIT>

    <!-- XuMengyuan@CONNECTIVITY.WIFI.BASIC.SOFTAP.5481557, 2023/06/28 -->
    <!-- add for region that support log upload of softap open fail -->
    <SOFTAP_LOG_FEEDBACK_SUPPORTED_COUNTEY_LISIT>CN,IN</SOFTAP_LOG_FEEDBACK_SUPPORTED_COUNTEY_LISIT>

    <!-- Tao.Hui@PSW.CN.WiFi.Basic.Custom.2062392, 2019/06/01,-->
    <!-- add for Add for: softap and p2p close 5G band in Japan-->
    <OPLUS_BASIC_WIFI_CUSTOM_P2P_ONLY2G_BADN_LIMIT>false</OPLUS_BASIC_WIFI_CUSTOM_P2P_ONLY2G_BADN_LIMIT>
    <OPLUS_BASIC_WIFI_CUSTOM_P2P_BADN_LIMIT>false</OPLUS_BASIC_WIFI_CUSTOM_P2P_BADN_LIMIT>
    <OPLUS_BASIC_WIFI_CUSTOM_P2P_BAND1_COUNTEY_LISIT></OPLUS_BASIC_WIFI_CUSTOM_P2P_BAND1_COUNTEY_LISIT>
    <OPLUS_BASIC_WIFI_CUSTOM_P2P_BAND4_COUNTEY_LISIT>ES,IT,FR,NL,PL,BE,GB,TR,IE,EE,BG,RO,CH,DE,KZ,UA,KE,NZ,SA,TH,PH,LK,SG,AE,BD,IR,HK,KH,NG,PK,ID,NP,AU,MY,BR,CL,MO,PE,PT,MM,CA,SE,FI,QA,KW,DK,CZ,SK,HU,GR,HR,AT,SI,LU,LV,LT,CY,MT,ZA,BO</OPLUS_BASIC_WIFI_CUSTOM_P2P_BAND4_COUNTEY_LISIT>
    <OPLUS_BASIC_WIFI_CUSTOM_P2P_ONLY2G_COUNTEY_LISIT>JP,MA,EG,TN,ET</OPLUS_BASIC_WIFI_CUSTOM_P2P_ONLY2G_COUNTEY_LISIT>
    <OPLUS_BASIC_WIFI_CUSTOM_SOFTAP_ONLY2G_BADN_LIMIT>true</OPLUS_BASIC_WIFI_CUSTOM_SOFTAP_ONLY2G_BADN_LIMIT>
    <OPLUS_BASIC_WIFI_CUSTOM_SOFTAP_BAND1_COUNTEY_LISIT></OPLUS_BASIC_WIFI_CUSTOM_SOFTAP_BAND1_COUNTEY_LISIT>
    <OPLUS_BASIC_WIFI_CUSTOM_SOFTAP_BAND4_COUNTEY_LISIT>ES,IT,FR,NL,PL,BE,GB,TR,IE,EE,BG,RO,CH,DE,KZ,UA,KE,NZ,SA,TH,PH,LK,SG,AE,BD,IR,HK,KH,NG,PK,ID,NP,AU,MY,BR,CL,MO,PE,PT,MM,CA,SE,FI,QA,KW,DK,CZ,SK,HU,GR,HR,AT,SI,LU,LV,LT,CY,MT,ZA,BO</OPLUS_BASIC_WIFI_CUSTOM_SOFTAP_BAND4_COUNTEY_LISIT>
    <OPLUS_BASIC_WIFI_CUSTOM_SOFTAP_ONLY2G_COUNTEY_LISIT>JP,MA,EG,TN,ET</OPLUS_BASIC_WIFI_CUSTOM_SOFTAP_ONLY2G_COUNTEY_LISIT>

    <!-- KongXianghui@CONNECTIVITY.WiFi.Basic.SOFTAP.3762615, 2022.06.20,-->
    <!-- add for Add for: region that support softAp 5G band when wifi completely closed-->
    <OPLUS_BASIC_WIFI_CUSTOM_SOFTAP_DEFAULT_5GBAND_SUPPORTED_COUNTEY_LISIT>CN,IN,US</OPLUS_BASIC_WIFI_CUSTOM_SOFTAP_DEFAULT_5GBAND_SUPPORTED_COUNTEY_LISIT>

    <!-- LiuZixuan@CONNECTIVITY.WIFI.Basic.SOFTAP.5470030, 2023/07/04 -->
    <!-- Add for: softap support 5G160M, include RUS feature and supported region-->
    <SOFTAP_5G160M_ENABLED>true</SOFTAP_5G160M_ENABLED>
    <SOFTAP_5G160M_SUPPORTED_COUNTEY_LIST>CN</SOFTAP_5G160M_SUPPORTED_COUNTEY_LIST>
    <STA_5G160M_ENABLED>true</STA_5G160M_ENABLED>
    <STA_5G160M_SUPPORTED_COUNTEY_LIST>CN</STA_5G160M_SUPPORTED_COUNTEY_LIST>

    <!-- WuJie@CONNECTIVITY.WIFI.P2P.7433693, 2024/07/25 -->
    <!-- add for P2P 5G160M -->
    <OPLUS_WIFI_P2P_5G_160M_CONFIG>true</OPLUS_WIFI_P2P_5G_160M_CONFIG>
    <OPLUS_WIFI_P2P_PRE_CAC_CONFIG>true</OPLUS_WIFI_P2P_PRE_CAC_CONFIG>
    <OPLUS_OSHARE_DISCONNECT_WIFI_CONFIG>true</OPLUS_OSHARE_DISCONNECT_WIFI_CONFIG>

    <!-- hansheng.zhou@PSW.CN.WiFi.Basic.Custom.2318412, 2021/10/11,-->
    <!-- Add for:softap V3.0 config-->
    <OPLUS_BASIC_WIFI_CUSTOM_P2P_BAND4_COUNTEY_LISIT_V30>ES,IT,FR,NL,PL,BE,GB,TR,IE,EE,BG,RO,CH,DE,KZ,UA,KE,NZ,SA,TH,PH,LK,SG,AE,BD,IR,HK,KH,NG,PK,ID,NP,AU,MY</OPLUS_BASIC_WIFI_CUSTOM_P2P_BAND4_COUNTEY_LISIT_V30>
    <OPLUS_BASIC_WIFI_CUSTOM_P2P_ONLY2G_COUNTEY_LISIT_V30>JP,MA,EG,TN,DZ,ET,MM</OPLUS_BASIC_WIFI_CUSTOM_P2P_ONLY2G_COUNTEY_LISIT_V30>
    <OPLUS_BASIC_WIFI_CUSTOM_SOFTAP_BAND4_COUNTEY_LISIT_V30>ES,IT,FR,NL,PL,BE,GB,TR,IE,EE,BG,RO,CH,DE,KZ,UA,KE,NZ,SA,TH,PH,LK,SG,AE,BD,IR,HK,KH,NG,PK,ID,NP,AU,MY</OPLUS_BASIC_WIFI_CUSTOM_SOFTAP_BAND4_COUNTEY_LISIT_V30>
    <OPLUS_BASIC_WIFI_CUSTOM_SOFTAP_ONLY2G_COUNTEY_LISIT_V30>JP,MA,EG,TN,DZ,ET,MM</OPLUS_BASIC_WIFI_CUSTOM_SOFTAP_ONLY2G_COUNTEY_LISIT_V30>
    <!-- Add for:softap V3.2 config-->
    <OPLUS_BASIC_WIFI_CUSTOM_P2P_BAND1_COUNTEY_LISIT_V32>JO</OPLUS_BASIC_WIFI_CUSTOM_P2P_BAND1_COUNTEY_LISIT_V32>
    <OPLUS_BASIC_WIFI_CUSTOM_P2P_BAND4_COUNTEY_LISIT_V32>ES,IT,FR,NL,PL,BE,GB,TR,IE,EE,BG,RO,CH,DE,KZ,UA,KE,NZ,SA,TH,PH,LK,SG,AE,BD,IR,HK,KH,NG,PK,ID,NP,AU,MY,BR,CL,MO</OPLUS_BASIC_WIFI_CUSTOM_P2P_BAND4_COUNTEY_LISIT_V32>
    <OPLUS_BASIC_WIFI_CUSTOM_P2P_ONLY2G_COUNTEY_LISIT_V32>JP,MA,EG,TN,DZ,ET,MM</OPLUS_BASIC_WIFI_CUSTOM_P2P_ONLY2G_COUNTEY_LISIT_V32>
    <OPLUS_BASIC_WIFI_CUSTOM_SOFTAP_BAND1_COUNTEY_LISIT_V32>JO</OPLUS_BASIC_WIFI_CUSTOM_SOFTAP_BAND1_COUNTEY_LISIT_V32>
    <OPLUS_BASIC_WIFI_CUSTOM_SOFTAP_BAND4_COUNTEY_LISIT_V32>ES,IT,FR,NL,PL,BE,GB,TR,IE,EE,BG,RO,CH,DE,KZ,UA,KE,NZ,SA,TH,PH,LK,SG,AE,BD,IR,HK,KH,NG,PK,ID,NP,AU,MY,BR,CL,MO</OPLUS_BASIC_WIFI_CUSTOM_SOFTAP_BAND4_COUNTEY_LISIT_V32>
    <OPLUS_BASIC_WIFI_CUSTOM_SOFTAP_ONLY2G_COUNTEY_LISIT_V32>JP,MA,EG,TN,DZ,ET,MM</OPLUS_BASIC_WIFI_CUSTOM_SOFTAP_ONLY2G_COUNTEY_LISIT_V32>
    <!-- Add for:softap V3.3 config-->
    <OPLUS_BASIC_WIFI_CUSTOM_P2P_BAND1_COUNTEY_LISIT_V33>JO</OPLUS_BASIC_WIFI_CUSTOM_P2P_BAND1_COUNTEY_LISIT_V33>
    <OPLUS_BASIC_WIFI_CUSTOM_P2P_BAND4_COUNTEY_LISIT_V33>ES,IT,FR,NL,PL,BE,GB,TR,IE,EE,BG,RO,CH,DE,KZ,UA,KE,NZ,SA,TH,PH,LK,SG,AE,BD,IR,HK,KH,NG,PK,ID,NP,AU,MY,BR,CL,MO,PT,PE</OPLUS_BASIC_WIFI_CUSTOM_P2P_BAND4_COUNTEY_LISIT_V33>
    <OPLUS_BASIC_WIFI_CUSTOM_P2P_ONLY2G_COUNTEY_LISIT_V33>JP,MA,EG,TN,DZ,ET,MM</OPLUS_BASIC_WIFI_CUSTOM_P2P_ONLY2G_COUNTEY_LISIT_V33>
    <OPLUS_BASIC_WIFI_CUSTOM_SOFTAP_BAND1_COUNTEY_LISIT_V33>JO</OPLUS_BASIC_WIFI_CUSTOM_SOFTAP_BAND1_COUNTEY_LISIT_V33>
    <OPLUS_BASIC_WIFI_CUSTOM_SOFTAP_BAND4_COUNTEY_LISIT_V33>ES,IT,FR,NL,PL,BE,GB,TR,IE,EE,BG,RO,CH,DE,KZ,UA,KE,NZ,SA,TH,PH,LK,SG,AE,BD,IR,HK,KH,NG,PK,ID,NP,AU,MY,BR,CL,MO,PT,PE</OPLUS_BASIC_WIFI_CUSTOM_SOFTAP_BAND4_COUNTEY_LISIT_V33>
    <OPLUS_BASIC_WIFI_CUSTOM_SOFTAP_ONLY2G_COUNTEY_LISIT_V33>JP,MA,EG,TN,DZ,ET,MM</OPLUS_BASIC_WIFI_CUSTOM_SOFTAP_ONLY2G_COUNTEY_LISIT_V33>

    <!-- qiuyu.qiu@CONNECTIVITY.WIFI.HARDWARE.SoftAP.3882488, 2022/07/07,-->
    <!-- Add for:softap V3.4 config-->
    <OPLUS_BASIC_WIFI_CUSTOM_P2P_BAND1_COUNTEY_LISIT_V34>JO</OPLUS_BASIC_WIFI_CUSTOM_P2P_BAND1_COUNTEY_LISIT_V34>
    <OPLUS_BASIC_WIFI_CUSTOM_P2P_BAND4_COUNTEY_LISIT_V34>ES,IT,FR,NL,PL,BE,GB,TR,IE,EE,BG,RO,CH,DE,KZ,UA,KE,NZ,SA,TH,PH,LK,SG,AE,BD,IR,HK,KH,NG,PK,ID,NP,AU,MY,BR,CL,MO,PT,PE,MM,CA</OPLUS_BASIC_WIFI_CUSTOM_P2P_BAND4_COUNTEY_LISIT_V34>
    <OPLUS_BASIC_WIFI_CUSTOM_P2P_ONLY2G_COUNTEY_LISIT_V34>JP,MA,EG,TN,ET</OPLUS_BASIC_WIFI_CUSTOM_P2P_ONLY2G_COUNTEY_LISIT_V34>
    <OPLUS_BASIC_WIFI_CUSTOM_SOFTAP_BAND1_COUNTEY_LISIT_V34>JO</OPLUS_BASIC_WIFI_CUSTOM_SOFTAP_BAND1_COUNTEY_LISIT_V34>
    <OPLUS_BASIC_WIFI_CUSTOM_SOFTAP_BAND4_COUNTEY_LISIT_V34>ES,IT,FR,NL,PL,BE,GB,TR,IE,EE,BG,RO,CH,DE,KZ,UA,KE,NZ,SA,TH,PH,LK,SG,AE,BD,IR,HK,KH,NG,PK,ID,NP,AU,MY,BR,CL,MO,PT,PE,MM,CA</OPLUS_BASIC_WIFI_CUSTOM_SOFTAP_BAND4_COUNTEY_LISIT_V34>
    <OPLUS_BASIC_WIFI_CUSTOM_SOFTAP_ONLY2G_COUNTEY_LISIT_V34>JP,MA,EG,TN,ET</OPLUS_BASIC_WIFI_CUSTOM_SOFTAP_ONLY2G_COUNTEY_LISIT_V34>

    <!-- jiayangshuai@CONNECTIVITY.WIFI.HARDWARE.SoftAP.3540948, 2022/05/07,-->
    <!-- Add for:softap V3.5 config-->
    <OPLUS_BASIC_WIFI_CUSTOM_P2P_BAND1_COUNTEY_LISIT_V35>JO</OPLUS_BASIC_WIFI_CUSTOM_P2P_BAND1_COUNTEY_LISIT_V35>
    <OPLUS_BASIC_WIFI_CUSTOM_P2P_BAND4_COUNTEY_LISIT_V35>ES,IT,FR,NL,PL,BE,GB,TR,IE,EE,BG,RO,CH,DE,KZ,UA,KE,NZ,SA,TH,PH,LK,SG,AE,BD,IR,HK,KH,NG,PK,ID,NP,AU,MY,BR,CL,MO,PE,PT,MM,CA,SE,FI,QA,KW</OPLUS_BASIC_WIFI_CUSTOM_P2P_BAND4_COUNTEY_LISIT_V35>
    <OPLUS_BASIC_WIFI_CUSTOM_P2P_ONLY2G_COUNTEY_LISIT_V35>JP,MA,EG,TN,ET</OPLUS_BASIC_WIFI_CUSTOM_P2P_ONLY2G_COUNTEY_LISIT_V35>
    <OPLUS_BASIC_WIFI_CUSTOM_SOFTAP_BAND1_COUNTEY_LISIT_V35>JO</OPLUS_BASIC_WIFI_CUSTOM_SOFTAP_BAND1_COUNTEY_LISIT_V35>
    <OPLUS_BASIC_WIFI_CUSTOM_SOFTAP_BAND4_COUNTEY_LISIT_V35>ES,IT,FR,NL,PL,BE,GB,TR,IE,EE,BG,RO,CH,DE,KZ,UA,KE,NZ,SA,TH,PH,LK,SG,AE,BD,IR,HK,KH,NG,PK,ID,NP,AU,MY,BR,CL,MO,PE,PT,MM,CA,SE,FI,QA,KW</OPLUS_BASIC_WIFI_CUSTOM_SOFTAP_BAND4_COUNTEY_LISIT_V35>
    <OPLUS_BASIC_WIFI_CUSTOM_SOFTAP_ONLY2G_COUNTEY_LISIT_V35>JP,MA,EG,TN,ET</OPLUS_BASIC_WIFI_CUSTOM_SOFTAP_ONLY2G_COUNTEY_LISIT_V35>

    <!-- caichao@CONNECTIVITY.WIFI.BASIC.SOFTAP enable v3.6 channel list for softap -->
    <!-- Add for:softap and p2p V3.6 config -->
    <OPLUS_BASIC_WIFI_CUSTOM_P2P_BAND4_COUNTEY_LISIT_V36>ES,IT,FR,NL,PL,BE,GB,TR,IE,EE,BG,RO,CH,DE,KZ,UA,KE,NZ,SA,TH,PH,LK,SG,AE,BD,IR,HK,KH,NG,PK,ID,NP,AU,MY,BR,CL,MO,PT,PE,MM,CA,SE,FI,QA,KW,DK,CZ,SK,HU,GR,HR,AT,SI,LU,LV,LT,CY,MT,ZA</OPLUS_BASIC_WIFI_CUSTOM_P2P_BAND4_COUNTEY_LISIT_V36>
    <OPLUS_BASIC_WIFI_CUSTOM_P2P_ONLY2G_COUNTEY_LISIT_V36>JP,MA,EG,TN,ET</OPLUS_BASIC_WIFI_CUSTOM_P2P_ONLY2G_COUNTEY_LISIT_V36>
    <OPLUS_BASIC_WIFI_CUSTOM_SOFTAP_BAND4_COUNTEY_LISIT_V36>ES,IT,FR,NL,PL,BE,GB,TR,IE,EE,BG,RO,CH,DE,KZ,UA,KE,NZ,SA,TH,PH,LK,SG,AE,BD,IR,HK,KH,NG,PK,ID,NP,AU,MY,BR,CL,MO,PT,PE,MM,CA,SE,FI,QA,KW,DK,CZ,SK,HU,GR,HR,AT,SI,LU,LV,LT,CY,MT,ZA</OPLUS_BASIC_WIFI_CUSTOM_SOFTAP_BAND4_COUNTEY_LISIT_V36>
    <OPLUS_BASIC_WIFI_CUSTOM_SOFTAP_ONLY2G_COUNTEY_LISIT_V36>JP,MA,EG,TN,ET</OPLUS_BASIC_WIFI_CUSTOM_SOFTAP_ONLY2G_COUNTEY_LISIT_V36>

    <!-- LiangXiao@CONNECTIVITY.WIFI.BASIC.SOFTAP enable v3.7 channel list for softap -->
    <!-- Add for:softap and p2p V3.7 config -->
    <OPLUS_BASIC_WIFI_CUSTOM_P2P_BAND4_COUNTEY_LISIT_V37>KZ,UA,KE,NZ,SA,TH,PH,LK,SG,AE,BD,IR,HK,KH,NG,PK,ID,NP,AU,MY,BR,CL,MO,PE,MM,CA,QA,KW,ZA,BO,IL,CH,TZ,SV,MD,ZM,TR,NO,CN,OM,AZ,PS,BH,LA,LB,MN,UZ,SY,UG,KV,AL,AF,GE,AM,YE,IQ,AO,GH,CM,CI,LY,MU,BY,MK,IS,BA,ME,LI,RS,KG,TJ,TM,RS,TN,CD,CG</OPLUS_BASIC_WIFI_CUSTOM_P2P_BAND4_COUNTEY_LISIT_V37>
    <OPLUS_BASIC_WIFI_CUSTOM_P2P_ONLY2G_COUNTEY_LISIT_V37>JP,MA,EG,ET</OPLUS_BASIC_WIFI_CUSTOM_P2P_ONLY2G_COUNTEY_LISIT_V37>
    <OPLUS_BASIC_WIFI_CUSTOM_SOFTAP_BAND4_COUNTEY_LISIT_V37>KZ,UA,KE,NZ,SA,TH,PH,LK,SG,AE,BD,IR,HK,KH,NG,PK,ID,NP,AU,MY,BR,CL,MO,PE,MM,CA,QA,KW,ZA,BO,IL,CH,TZ,SV,MD,ZM,TR,NO,CN,OM,AZ,PS,BH,LA,LB,MN,UZ,SY,UG,KV,AL,AF,GE,AM,YE,IQ,AO,GH,CM,CI,LY,MU,BY,MK,IS,BA,ME,LI,RS,KG,TJ,TM,RS,TN,CD,CG</OPLUS_BASIC_WIFI_CUSTOM_SOFTAP_BAND4_COUNTEY_LISIT_V37>
    <OPLUS_BASIC_WIFI_CUSTOM_SOFTAP_ONLY2G_COUNTEY_LISIT_V37>JP,MA,EG,ET</OPLUS_BASIC_WIFI_CUSTOM_SOFTAP_ONLY2G_COUNTEY_LISIT_V37>

    <!-- LiangXiao@CONNECTIVITY.WIFI.BASIC.SOFTAP enable v3.8 channel list for softap -->
    <!-- Add for:softap and p2p V3.8 config -->
    <OPLUS_BASIC_WIFI_CUSTOM_P2P_BAND4_COUNTEY_LISIT_V38>KZ,UA,KE,NZ,SA,TH,PH,LK,SG,AE,BD,IR,HK,KH,NG,PK,ID,NP,AU,MY,BR,CL,MO,PE,MM,CA,QA,KW,ZA,BO,IL,CH,TZ,SV,MD,ZM,TR,NO,CN,OM,AZ,PS,BH,LA,LB,MN,UZ,SY,UG,KV,AL,AF,AM,YE,AO,CM,CI,LY,MU,BY,MK,IS,BA,ME,LI,RS,KG,TM,TN,ET,
    GH,BT,KP,TL,GE,TJ,IQ,BJ,GQ,TG,ER,CV,GM,DJ,GN,GA,ZW,KM,LS,LR,MG,MW,ML,MR,MZ,SS,NE,SL,SN,SC,SD,SO,TD,KI,NR,WS,SB,TO,TV,KR,BN,BW,BF,BI,CD,CG,RW,NA,ST,CF,PG,CK,MH,FM,NU,PW,VU,AD,VA,MV,FJ,MC,SM,GW,SZ</OPLUS_BASIC_WIFI_CUSTOM_P2P_BAND4_COUNTEY_LISIT_V38>
    <OPLUS_BASIC_WIFI_CUSTOM_P2P_ONLY2G_COUNTEY_LISIT_V38>JP,MA,EG</OPLUS_BASIC_WIFI_CUSTOM_P2P_ONLY2G_COUNTEY_LISIT_V38>
    <OPLUS_BASIC_WIFI_CUSTOM_SOFTAP_BAND4_COUNTEY_LISIT_V38>KZ,UA,KE,NZ,SA,TH,PH,LK,SG,AE,BD,IR,HK,KH,NG,PK,ID,NP,AU,MY,BR,CL,MO,PE,MM,CA,QA,KW,ZA,BO,IL,CH,TZ,SV,MD,ZM,TR,NO,CN,OM,AZ,PS,BH,LA,LB,MN,UZ,SY,UG,KV,AL,AF,AM,YE,AO,CM,CI,LY,MU,BY,MK,IS,BA,ME,LI,RS,KG,TM,TN,ET,
    GH,BT,KP,TL,GE,TJ,IQ,BJ,GQ,TG,ER,CV,GM,DJ,GN,GA,ZW,KM,LS,LR,MG,MW,ML,MR,MZ,SS,NE,SL,SN,SC,SD,SO,TD,KI,NR,WS,SB,TO,TV,KR,BN,BW,BF,BI,CD,CG,RW,NA,ST,CF,PG,CK,MH,FM,NU,PW,VU,AD,VA,MV,FJ,MC,SM,GW,SZ</OPLUS_BASIC_WIFI_CUSTOM_SOFTAP_BAND4_COUNTEY_LISIT_V38>
    <OPLUS_BASIC_WIFI_CUSTOM_SOFTAP_ONLY2G_COUNTEY_LISIT_V38>JP,MA,EG</OPLUS_BASIC_WIFI_CUSTOM_SOFTAP_ONLY2G_COUNTEY_LISIT_V38>

    <!-- jiayangshuai@CONNECTIVITY.WIFI.HARDWARE.SoftAP.4354159, 2022/09/15,-->
    <!-- Add for:softap/p2p 6G band config-->
    <OPLUS_BASIC_WIFI_CUSTOM_P2P_6G_BAND1_COUNTEY_LISIT>TW,PK,MX,PS,BH,NO,US,NZ,TH,AU,SG,KE,MA,MY,HK,GB,CH,JO,CL,ZA,QA,MU,LI,IS,ES,IT,FR,NL,PL,BE,IE,EE,BG,RO,DE,DK,CZ,SK,HU,GR,HR,AT,SI,LU,LV,LT,PT,SE,FI,CY,MT,JP,RS</OPLUS_BASIC_WIFI_CUSTOM_P2P_6G_BAND1_COUNTEY_LISIT>
    <OPLUS_BASIC_WIFI_CUSTOM_P2P_6G_BAND_NOT_SUPPORT_COUNTEY_LISIT>VN,PH,AE,PA,LK,KZ,DZ,MM,EG,IN,NP,BD,NG,RU,ID,CN,IR,TR,KH,TN,AO,ET,UA,MO,CO,TZ,GT,HN,SV,JM,DO,GH,CI,CM,RS,BA,ME,MK,AL,GE,AZ,AM,BO,EC,YE,BY,NI,LA,MD,IQ,LB,UZ,AR,OM,PY,UY,SY,AF,LI,LY,KV,SA,BR,PE,CR,CA</OPLUS_BASIC_WIFI_CUSTOM_P2P_6G_BAND_NOT_SUPPORT_COUNTEY_LISIT>

    <OPLUS_BASIC_WIFI_CUSTOM_SOFTAP_6G_BAND1_COUNTEY_LISIT>TW,PK,MX,PS,BH,NO,US,NZ,TH,AU,SG,KE,MA,MY,HK,GB,CH,JO,CL,ZA,QA,MU,LI,IS,ES,IT,FR,NL,PL,BE,IE,EE,BG,RO,DE,DK,CZ,SK,HU,GR,HR,AT,SI,LU,LV,LT,PT,SE,FI,CY,MT,JP,RS</OPLUS_BASIC_WIFI_CUSTOM_SOFTAP_6G_BAND1_COUNTEY_LISIT>
    <OPLUS_BASIC_WIFI_CUSTOM_SOFTAP_6G_BAND_NOT_SUPPORT_COUNTEY_LISIT>VN,PH,AE,PA,LK,KZ,DZ,MM,EG,IN,NP,BD,NG,RU,ID,CN,IR,TR,KH,TN,AO,ET,UA,MO,CO,TZ,GT,HN,SV,JM,DO,GH,CI,CM,RS,BA,ME,MK,AL,GE,AZ,AM,BO,EC,YE,BY,NI,LA,MD,IQ,LB,UZ,AR,OM,PY,UY,SY,AF,LI,LY,KV,SA,BR,PE,CR,CA</OPLUS_BASIC_WIFI_CUSTOM_SOFTAP_6G_BAND_NOT_SUPPORT_COUNTEY_LISIT>

    <OPLUS_BASIC_WIFI_CUSTOM_DEFAULT_6GBAND_SUPPORTED_COUNTEY_LISIT>JP</OPLUS_BASIC_WIFI_CUSTOM_DEFAULT_6GBAND_SUPPORTED_COUNTEY_LISIT>

    <!-- zhaochengsheng@PSW.CN.WiFi.Basic.Custom.4478, 2020/04/13, -->
    <!-- Add for: wifi sar feature -->
    <OPLUS_BASIC_WIFI_CUSTOM_SENSOR_PROJECT>18397,18539,18383</OPLUS_BASIC_WIFI_CUSTOM_SENSOR_PROJECT>
    <OPLUS_BASIC_WIFI_CUSTOM_TELEPHONE_PROJECT>19361,19362,19065,19066</OPLUS_BASIC_WIFI_CUSTOM_TELEPHONE_PROJECT>
    <OPLUS_BASIC_WIFI_CUSTOM_ASIA_CE>HK,MO,PH,MY,ID,VN,KH,MM,NP,BD,LK,LA,MY,PS,BL,TW,JP
    </OPLUS_BASIC_WIFI_CUSTOM_ASIA_CE>
    <OPLUS_BASIC_WIFI_CUSTOM_EUROPE_CE>BE,BG,CZ,DK,DE,EE,IE,GR,ES,FR,HR,IT,CY,LV,LT,LU,HU,NL,AT,PL,PT,RO,SI,SK,FI,SE,GB,CH,NO,IS,LI,TR,MD,RU,UA,KZ,UZ,AU,NZ,ZA,BR,TH,DZ,LB,MA,NG,PK,TN,KE,IL,SY,IQ,AF,YE,ZM,BH,QA,OM,AE,SA,KW,JO,EG,RS,BA,MK,ME,MT,SG
    </OPLUS_BASIC_WIFI_CUSTOM_EUROPE_CE>
    <OPLUS_BASIC_WIFI_CUSTOM_FCC>US,CL,CO,MX,PE,HN,UY,PY,VE,AR,BO,CR,DM,GT,EC,PA,CA</OPLUS_BASIC_WIFI_CUSTOM_FCC>
    <OPLUS_BASIC_WIFI_CUSTOM_INDE_CERT></OPLUS_BASIC_WIFI_CUSTOM_INDE_CERT>
    <OPLUS_BASIC_WIFI_CUSTOM_USE_INDE_CERT_PROJECT>19362</OPLUS_BASIC_WIFI_CUSTOM_USE_INDE_CERT_PROJECT>
    <OPLUS_BASIC_WIFI_CUSTOM_USE_SAR_SENSOR_PROJECT>20351,20353,20355,20301,20391,20376,20377,21201,20804,216B3,21831,21653,21654,21746,2174A,21030,21336,21338,212A1,21851,21876,21296,21301</OPLUS_BASIC_WIFI_CUSTOM_USE_SAR_SENSOR_PROJECT>
    <OPLUS_BASIC_WIFI_CUSTOM_USE_TWO_SAR_SENSOR_PROJECT>20831</OPLUS_BASIC_WIFI_CUSTOM_USE_TWO_SAR_SENSOR_PROJECT>
    <!-- LiFenfen@CONNECTIVITY.WIFI.HARDWARE.SAR.TXDUTY.6535627, 2024/01/06, -->
    <!-- Add for wifi SAR tx/idle state to raise tx power -->
    <OPLUS_WIFI_SAR_TPUT_TX_STATE_ENABLE>true</OPLUS_WIFI_SAR_TPUT_TX_STATE_ENABLE>
    <OPLUS_WIFI_SAR_TPUT_TX_TRAFFIC_ENABLE>true</OPLUS_WIFI_SAR_TPUT_TX_TRAFFIC_ENABLE>
    <OPLUS_WIFI_SAR_TPUT_TX_STATE_THRESHOLD>200000</OPLUS_WIFI_SAR_TPUT_TX_STATE_THRESHOLD>
    <OPLUS_WIFI_SAR_TPUT_TX_RETRY_ENABLE>true</OPLUS_WIFI_SAR_TPUT_TX_RETRY_ENABLE>
    <OPLUS_WIFI_SAR_TPUT_TX_RATE_ENABLE>true</OPLUS_WIFI_SAR_TPUT_TX_RATE_ENABLE>
    <OPLUS_WIFI_SAR_TPUT_TX_RATE_THRESHOLD>5</OPLUS_WIFI_SAR_TPUT_TX_RATE_THRESHOLD>
    <OPLUS_WIFI_SAR_TPUT_TX_STATE_TOGGLE_DBG_ENABLE>false</OPLUS_WIFI_SAR_TPUT_TX_STATE_TOGGLE_DBG_ENABLE>
    <!-- Add for wifi tx duty stats -->
    <OPLUS_WIFI_SAR_TX_TIME_L0_THRESHOLD>10</OPLUS_WIFI_SAR_TX_TIME_L0_THRESHOLD>
    <OPLUS_WIFI_SAR_TX_TIME_L1_THRESHOLD>20</OPLUS_WIFI_SAR_TX_TIME_L1_THRESHOLD>
    <OPLUS_WIFI_SAR_TX_TIME_L2_THRESHOLD>30</OPLUS_WIFI_SAR_TX_TIME_L2_THRESHOLD>
    <OPLUS_WIFI_SAR_TX_TIME_L3_THRESHOLD>40</OPLUS_WIFI_SAR_TX_TIME_L3_THRESHOLD>
    <OPLUS_WIFI_SAR_TX_TIME_L4_THRESHOLD>50</OPLUS_WIFI_SAR_TX_TIME_L4_THRESHOLD>
    <!-- Add for wifi tx ratio stats -->
    <OPLUS_WIFI_SAR_TX_RATIO_L0_THRESHOLD>80</OPLUS_WIFI_SAR_TX_RATIO_L0_THRESHOLD>
    <OPLUS_WIFI_SAR_TX_RATIO_L1_THRESHOLD>85</OPLUS_WIFI_SAR_TX_RATIO_L1_THRESHOLD>
    <OPLUS_WIFI_SAR_TX_RATIO_L2_THRESHOLD>90</OPLUS_WIFI_SAR_TX_RATIO_L2_THRESHOLD>
    <OPLUS_WIFI_SAR_TX_RATIO_L3_THRESHOLD>95</OPLUS_WIFI_SAR_TX_RATIO_L3_THRESHOLD>
    <OPLUS_WIFI_SAR_TX_RATIO_L4_THRESHOLD>100</OPLUS_WIFI_SAR_TX_RATIO_L4_THRESHOLD>

    <OPLUS_WIFI_SAR_SPECIAL_SCENARIO_ENABLE>true</OPLUS_WIFI_SAR_SPECIAL_SCENARIO_ENABLE>
    <OPLUS_WIFI_SAR_SPECIAL_SCENARIO_TEST_CARD_ENABLE>true</OPLUS_WIFI_SAR_SPECIAL_SCENARIO_TEST_CARD_ENABLE>
    <OPLUS_WIFI_SAR_SPECIAL_SCENARIO_FRONT_APP_ENABLE>true</OPLUS_WIFI_SAR_SPECIAL_SCENARIO_FRONT_APP_ENABLE>
    <OPLUS_WIFI_SAR_SPECIAL_SCENARIO_WHITE_BSSID_ENABLE>true</OPLUS_WIFI_SAR_SPECIAL_SCENARIO_WHITE_BSSID_ENABLE>
    <OPLUS_WIFI_SAR_SPECIAL_SCENARIO_APP_LIST>iperf</OPLUS_WIFI_SAR_SPECIAL_SCENARIO_APP_LIST>
    <OPLUS_WIFI_SAR_SPECIAL_SCENARIO_OUI_LIST>12:34:56:78:9a:bc,8a:88:2b:00,00:01:02:03:04:05,09:f1:00,00:50:56,00:00:91,00:01:02:03:04:00,12:34:56,00:01:02</OPLUS_WIFI_SAR_SPECIAL_SCENARIO_OUI_LIST>

    <!-- wuguotian@CONNECTIVITY.WIFI.HARDWARE.POWER.331811, 2019/11/27 -->
    <!-- Add for QPower -->
    <OPLUS_WIFI_QPOWER_ENABLE>false</OPLUS_WIFI_QPOWER_ENABLE>
    <OPLUS_WIFI_QPOWER_APPS>com.tencent.qqlive,com.qiyi.video,com.smile.gifmaker,com.ss.android.ugc.aweme,com.UCMobile,com.tencent.mtt,com.ss.android.article.news,com.netease.newsreader.activity
    </OPLUS_WIFI_QPOWER_APPS>
    <OPLUS_WIFI_QPOWER_APPS_EXP>com.microsoft.teams,tv.twitch.android.app,com.mxtech.videoplayer.pro,com.vanced.android.youtube,app.revanced.android.youtube,jp.naver.line.android,com.tv.v18.viola,com.android.chrome,com.netflix.mediaclient,com.facebook.katana,com.zhiliaoapp.musically,com.mxtech.videoplayer.ad,com.whatsapp,com.google.android.youtube,com.instagram.android,com.amazon.avod.thirdpartyclient,in.startv.hotstar,com.google.android.apps.maps,com.snapchat.android,com.gbwhatsapp,com.hulu.plus,jp.konami.pesam,com.vkontakte.android,in.amazon.mShop.android.shopping,com.amazon.mShop.android.shopping
    </OPLUS_WIFI_QPOWER_APPS_EXP>

    <!-- LiFenfen@CONNECTIVITY.WIFI.HARDWARE.FIXEDRATE.5316450, 2023/04/03, -->
    <!-- Add for change control and management frame to 11b rate for China standard -->
    <OPLUS_WIFI_FIXED_RATE_ENABLE>true</OPLUS_WIFI_FIXED_RATE_ENABLE>
    <OPLUS_WIFI_FIXED_RATE_ROUTER_WHITE_LIST_ENABLE>true</OPLUS_WIFI_FIXED_RATE_ROUTER_WHITE_LIST_ENABLE>
    <OPLUS_WIFI_FIXED_RATE_ROUTER_WHITE_LIST>TL-WR886N,TC7001-10,TC7102-10</OPLUS_WIFI_FIXED_RATE_ROUTER_WHITE_LIST>
    <OPLUS_WIFI_FIXED_RATE_CHIP_FREQ_LIST_ENABLE>true</OPLUS_WIFI_FIXED_RATE_CHIP_FREQ_LIST_ENABLE>
    <OPLUS_WIFI_FIXED_RATE_CHIP_FREQ_LIST>0x6653:2472,0x6639:2472,0x6637:2472,0x6635:2472,0x6631:2472</OPLUS_WIFI_FIXED_RATE_CHIP_FREQ_LIST>
    <OPLUS_WIFI_FIXED_RATE_ROUTER_BAND_LIST_ENABLE>true</OPLUS_WIFI_FIXED_RATE_ROUTER_BAND_LIST_ENABLE>
    <OPLUS_WIFI_FIXED_RATE_ROUTER_BAND_LIST>0</OPLUS_WIFI_FIXED_RATE_ROUTER_BAND_LIST>

    <!-- LiFenfen@CONNECTIVITY.WIFI.HARDWARE.POWER.LIMITATION.7651893, 2024/07/25, -->
    <!-- Add for limit txpower for RF standard -->
    <WIFI_POWER_LIMITATION_ENABLE>true</WIFI_POWER_LIMITATION_ENABLE>
    <WIFI_POWER_LIMITATION_BSSID_TEST_ENABLE>true</WIFI_POWER_LIMITATION_BSSID_TEST_ENABLE>
    <WIFI_POWER_LIMITATION_BOARD_MODE_ENABLE>true</WIFI_POWER_LIMITATION_BOARD_MODE_ENABLE>
    <WIFI_POWER_LIMITATION_VERSION_ENABLE>true</WIFI_POWER_LIMITATION_VERSION_ENABLE>
    <WIFI_POWER_LIMITATION_VALUE_MTK>17</WIFI_POWER_LIMITATION_VALUE_MTK>
    <WIFI_POWER_LIMITATION_VALUE_QCOM>13</WIFI_POWER_LIMITATION_VALUE_QCOM>

    <!-- LiFenfen@CONNECTIVITY.WIFI.HARDWARE.CURRENT.CONTROL.7645498, 2023/07/03, -->
    <!-- Add for change nss or txpower to control wifi current for FCC standard -->
    <WIFI_CURRENT_CONTROL_ENABLE>true</WIFI_CURRENT_CONTROL_ENABLE>
    <WIFI_CURRENT_CONTROL_DOT_MODE_ENABLE>true</WIFI_CURRENT_CONTROL_DOT_MODE_ENABLE>
    <OPLUS_WIFI_CURRENT_CONTROL_COUNTRY_LIST>TW,US,CA</OPLUS_WIFI_CURRENT_CONTROL_COUNTRY_LIST>

    <!-- ChangShuai@CONNECTIVITY.WIFI.HARDWARE.CURRENT.CONTROL.7645498, 2024/09/13, -->
    <!-- Add for change Edcca to control wifi -->
    <WIFI_EDCA_CONTROL_ENABLE>true</WIFI_EDCA_CONTROL_ENABLE>

    <!-- XiaSong@CONNECTIVITY.WIFI.HARDWARE.POWER.2792204, 2021/12/19 -->
    <!-- add for MTK BAR -->
    <OPLUS_WIFI_BAR_ENABLE>true</OPLUS_WIFI_BAR_ENABLE>
    <OPLUS_WIFI_BAR_BAD_CNT>1</OPLUS_WIFI_BAR_BAD_CNT>

    <!-- XiaSong@CONNECTIVITY.WIFI.HARDWARE.PKAT.1460037, 2021/12/3 -->
    <!-- Add for PKAT -->
    <OPLUS_WIFI_PKAT_ENABLE>true</OPLUS_WIFI_PKAT_ENABLE>

    <!-- ZhaoXiang@CONNECTIVITY.WIFI.SOFTAP.1644168, 2021/7/3 -->
    <OPLUS_WIFI_SOFTAP_NSS1X1_ENABLE>true</OPLUS_WIFI_SOFTAP_NSS1X1_ENABLE>

    <!-- mayishu Add for smart band-width decision -->
    <SMART_BW_PARAMS>1,8,85,35100,8,100,2,5,2</SMART_BW_PARAMS>
    <!-- Fanbingqi@CONNECTIVITY.WIFI.CONNECTION.CONNECT.P00054039, Add for mtk smart band-width decision -->
    <MTK_SMART_BW_PARAMS>1,0,1,60,30,25,-75,10,15,5,3,5,20,6,135,20,15,200</MTK_SMART_BW_PARAMS>

    <!-- Lixiong@CONNECTIVITY.WIFI.NETWORK.OWM, 2021/05/28 -->
    <!-- Add for wifi owm feature -->
    <OWM_GOOD_RSSI_THRED>-75</OWM_GOOD_RSSI_THRED>
    <OWM_ENVIR_GOOD_THRED>80</OWM_ENVIR_GOOD_THRED>
    <OWM_PER_GOOD_THRED>80</OWM_PER_GOOD_THRED>
    <OWM_NET_HEALTH_COLLECT_INTVAL_THRED_SEC>65</OWM_NET_HEALTH_COLLECT_INTVAL_THRED_SEC>
    <OWM_NET_SLOW_EVT_SAVE_INTVAL_THRED_SEC>1200</OWM_NET_SLOW_EVT_SAVE_INTVAL_THRED_SEC>
    <OWM_NET_SLOW_EVT_SAVE_DURING_THRED_SEC>10</OWM_NET_SLOW_EVT_SAVE_DURING_THRED_SEC>
    <OWM_GAME_RTT_BAD_EVT_SAVE_INTVAL_THRED_SEC>300</OWM_GAME_RTT_BAD_EVT_SAVE_INTVAL_THRED_SEC>
    <OWM_GAME_RTT_BAD_EVT_SAVE_DURING_THRED_SEC>3</OWM_GAME_RTT_BAD_EVT_SAVE_DURING_THRED_SEC>

    <!-- LiXiong@CONNECTIVITY.WIFI.NETWORK.ROUTERBOOST.111760 2020/9/12 -->
    <!-- Add for RouterBoost -->
    <ROUTERBOOST_ENABLE>true</ROUTERBOOST_ENABLE>

    <ROUTERBOOST_DATAPRIOR_ENABLE>true</ROUTERBOOST_DATAPRIOR_ENABLE>
    <ROUTERBOOST_DATAPRIOR_V1_TOS_VAL>200</ROUTERBOOST_DATAPRIOR_V1_TOS_VAL>                 <!-- game qosboost tos=0xC8 for h3c/360-->
    <ROUTERBOOST_MEETING_DATAPRIOR_V1_TOS_VAL>196</ROUTERBOOST_MEETING_DATAPRIOR_V1_TOS_VAL> <!-- meeting qosboost tos=0xC4 for h3c-->

    <ROUTERBOOST_DATAPRIOR_V2_TOS_VAL>184</ROUTERBOOST_DATAPRIOR_V2_TOS_VAL>                 <!-- game qosboost tos=0xB8 for tp-->
    <ROUTERBOOST_MEETING_DATAPRIOR_V2_TOS_VAL>184</ROUTERBOOST_MEETING_DATAPRIOR_V2_TOS_VAL> <!-- meeting qosboost tos=0xB8 for tp-->

    <ROUTERBOOST_MEETING_DATAPRIOR_ENABLE>true</ROUTERBOOST_MEETING_DATAPRIOR_ENABLE>

    <!-- Add for RouterBoost 2.0/3.0 For H3C/TP-->
    <ROUTERBOOST_VENDORIECOMM_ENABLE>true</ROUTERBOOST_VENDORIECOMM_ENABLE>

    <!-- Add for RouterBoost 3.0   Vendoriecomm version 1.0 For H3C, 2.0 For TP-->
    <ROUTERBOOST_VENDORIECOMM_SUPPORT_VERSION_LIST>1,2</ROUTERBOOST_VENDORIECOMM_SUPPORT_VERSION_LIST>
    <!-- Add for RouterBoost 3.0   Vendoriecomm version 2.0 support oui:000AEB for TP/reserve 000FE2 for H3C-->
    <ROUTERBOOST_VENDORIECOMM_V2_SUPPORT_OUI_LIST>000AEB,000FE2</ROUTERBOOST_VENDORIECOMM_V2_SUPPORT_OUI_LIST>

    <!-- Add for RouterBoost 3.0   Vendoriecomm version 1.0 support oui, H3C:000FE2 OPPO/ASUS:149BF3 Tenda:C8535A-->
    <ROUTERBOOST_VENDORIECOMM_V1_SUPPORT_OUI_LIST>000FE2,149BF3,C8535A</ROUTERBOOST_VENDORIECOMM_V1_SUPPORT_OUI_LIST>

    <!-- Add for Router Monitor Cooperation with H3C:Action frame exchange sta/router info-->
    <ROUTERBOOST_ROUTERMONITOR_ENABLE>true</ROUTERBOOST_ROUTERMONITOR_ENABLE>

    <ROUTERBOOST_DUPPKT_ENABLE>true</ROUTERBOOST_DUPPKT_ENABLE>

    <ROUTERBOOST_INTCOMM_ENABLE>true</ROUTERBOOST_INTCOMM_ENABLE>
    <ROUTERBOOST_INTCOMM_SOCK_PORT>65000</ROUTERBOOST_INTCOMM_SOCK_PORT>
    <ROUTERBOOST_GAME_OUT_DELAY_MS>120000</ROUTERBOOST_GAME_OUT_DELAY_MS>
    <ROUTERBOOST_CHECK_GAME_BOOST_DELAY_MS>30000</ROUTERBOOST_CHECK_GAME_BOOST_DELAY_MS>
    <ROUTERBOOST_CHECK_GAME_ENABLE_DUALSTA_MS>60000</ROUTERBOOST_CHECK_GAME_ENABLE_DUALSTA_MS>

    <ROUTERBOOST_DUPPKT_GAME_HIGH_LATENCY_ENABLE>true</ROUTERBOOST_DUPPKT_GAME_HIGH_LATENCY_ENABLE>
    <ROUTERBOOST_DUPPKT_GAME_HIGH_LATENCY_MS>110</ROUTERBOOST_DUPPKT_GAME_HIGH_LATENCY_MS>
    <ROUTERBOOST_DUPPKT_ENABLE_SLA_HIGH_LATENCY_MS>220</ROUTERBOOST_DUPPKT_ENABLE_SLA_HIGH_LATENCY_MS>
    <ROUTERBOOST_DUPPKT_GAME_LOW_BATTERY_THRED>10</ROUTERBOOST_DUPPKT_GAME_LOW_BATTERY_THRED>
    <ROUTERBOOST_DUPPKT_GAME_HIGH_TEMPERATURE_THRED>41</ROUTERBOOST_DUPPKT_GAME_HIGH_TEMPERATURE_THRED>
    <ROUTERBOOST_DUPPKT_GAME_HIGH_PERF_MODE_ENABLE>false</ROUTERBOOST_DUPPKT_GAME_HIGH_PERF_MODE_ENABLE>

    <ROUTERBOOST_DUPPKT_GAME_WHITE_LIST_ENABLE>true</ROUTERBOOST_DUPPKT_GAME_WHITE_LIST_ENABLE>
    <ROUTERBOOST_DUPPKT_GAME_BLACK_LIST_ENABLE>false</ROUTERBOOST_DUPPKT_GAME_BLACK_LIST_ENABLE>
    <ROUTERBOOST_DUPPKT_GAME_WHITE_LIST>com.tencent.tmgp.sgame,com.tencent.lolm</ROUTERBOOST_DUPPKT_GAME_WHITE_LIST>

    <!-- KangYi@CONNECTIVITY.WIFI.NETWORK.IPV6OPTIMIZE, 2020/09/22-->
    <!-- LiXiong@CONNECTIVITY.WIFI.DISCONNECT.DISCONDELAYREPORT, 2020/06/01 -->
    <!-- Add for disconnet delay display optimaztiong -->
    <WIFI_DISCON_DELAY_REPORT_ENABLE>true</WIFI_DISCON_DELAY_REPORT_ENABLE>
    <WIFI_DISCON_DELAY_REPORT_TIME>4000</WIFI_DISCON_DELAY_REPORT_TIME>
    <WIFI_DISCON_DELAY_REPORT_STRONG_RSSI>-67</WIFI_DISCON_DELAY_REPORT_STRONG_RSSI>
    <WIFI_DISCON_DELAY_REPORT_COOLTIME>60000</WIFI_DISCON_DELAY_REPORT_COOLTIME>
    <WIFI_SELFCURE_REASSOC_DELAY_REPORT_TIME>12000</WIFI_SELFCURE_REASSOC_DELAY_REPORT_TIME>
    <WIFI_SELFCURE_RECONN_DELAY_REPORT_TIME>15000</WIFI_SELFCURE_RECONN_DELAY_REPORT_TIME>
    <WIFI_SELFCURE_RESET_DELAY_SCREENON_REPORT_TIME>20000</WIFI_SELFCURE_RESET_DELAY_SCREENON_REPORT_TIME>
    <WIFI_SELFCURE_RESET_DELAY_SCREENOFF_REPORT_TIME>35000</WIFI_SELFCURE_RESET_DELAY_SCREENOFF_REPORT_TIME>

    <!-- LiXiong@CONNECTIVITY.WIFI.NETWORK.MEDIABOOST, 2024/05/05 -->
    <!-- Add for mediaboost -->
    <MEDIABOOST_ENABLE>true</MEDIABOOST_ENABLE>
    <MEDIABOOST_MOBILE_DATA_ALWAYS_ON>false</MEDIABOOST_MOBILE_DATA_ALWAYS_ON>

    <MEDIABOOST_TOOLS_IMMEDIATELY>LLM,RouterBoost,SmartScan,DualSta,Roaming,Coex</MEDIABOOST_TOOLS_IMMEDIATELY>
    <MEDIABOOST_TOOLS_STUCKED>Sla,WlanAssist</MEDIABOOST_TOOLS_STUCKED>

    <MEDIABOOST_LOWLATENCY_ACTIVITYS>com.tencent.mm.plugin.voip.ui.VideoActivity,com.tencent.mm.plugin.finder.feed.ui.FinderLiveVisitorWithoutAffinityUI,
            ,com.tencent.av.ui.AVActivity,com.tencent.mobileqq.qqlive.room.frame.activity.QQliveRoomActivity,
            ,com.ss.android.ugc.aweme.live.LivePlayActivity,com.ss.android.ugc.aweme.live.LivePlayActivityV2,com.ss.android.ugc.aweme.live.LiveBroadcastActivity,com.kuaishou.live.core.basic.activity.LiveSlideActivity,com.kuaishou.live.anchor.basic.activity.LivePushActivity,com.kuaishou.live.core.basic.activity.LiveSlideActivityTablet,
            ,com.tencent.wemeet.sdk.meeting.inmeeting.InMeetingActivity,com.zipow.videobox.conference.ui.ZmConfActivity,com.alibaba.android.teleconf.mozi.activity.TeleVideoConfActivity,
            ,tv.douyu.view.activity.PlayerActivity,com.tencent.vlive.VLiveActivity,com.bilibili.bililive.room.ui.roomv3.LiveRoomActivityV3</MEDIABOOST_LOWLATENCY_ACTIVITYS>
    <MEDIABOOST_CACHE_VEDIO_APPS>com.innersloth.spacemafia,com.epicgames.fortnite,com.roblox.client,
        ,com.alibaba.android.rimet,com.microsoft.teams,com.cisco.webex.meetings,com.google.android.apps.tachyon,
        ,com.vipkid.vipcorner,com.hujiang.hjclass,com.talk51.lite,com.koolearn.android,com.xueersi.parentsmeeting,com.baidu.homework,com.A17zuoye.mobile.homework,
        ,com.google.android.youtube,app.revanced.android.youtube,com.zhiliaoapp.musically,com.netflix.mediaclient,com.hulu.plus,
        ,com.tencent.wemeet.app,us.zoom.videomeetings,
        ,com.ss.android.ugc.aweme,com.smile.gifmaker,air.tv.douyu.android,com.tencent.qqlive,tv.danmaku.bili</MEDIABOOST_CACHE_VEDIO_APPS>
    <MEDIABOOST_LOWLATENCY_BLACK_LIST>com.snda.wifilocating,com.snda.lantern.wifilocating,com.qihoo.freewifi,com.tencent.wifimanager,com.wifi.key,
            ,com.ruijie.wifim,make.more.r2d2.cellular_z,net.he.networktools,com.oplus.wirelesssettings</MEDIABOOST_LOWLATENCY_BLACK_LIST>

    <MEDIABOOST_ACTIVITY_EXIT_TIME_MS>20000</MEDIABOOST_ACTIVITY_EXIT_TIME_MS>
    <MEDIABOOST_APP_EXIT_TIME_MS>20000</MEDIABOOST_APP_EXIT_TIME_MS>
    <MEDIABOOST_APP_EXIT_PKG_CNT>100</MEDIABOOST_APP_EXIT_PKG_CNT>
    <MEDIABOOST_APP_EXIT_CYCLECHECK_MS>15000</MEDIABOOST_APP_EXIT_CYCLECHECK_MS>

    <!-- XuFenghua@CONNECTIVITY.WIFI.CONNECT.IOTConnect.572774, OPLUS_FEATURE_WIFI_IOTConnnect, 2021/01/23 -->
    <!-- Add for OplusIOTConnect feature -->
    <OPLUS_IOTCONNECT_ENABLE>true</OPLUS_IOTCONNECT_ENABLE>
    <OPLUS_IOTCONNECT_WHITE_LIST>com.heytap.smarthome,com.heytap.appplatform,com.heytap.accessory</OPLUS_IOTCONNECT_WHITE_LIST>
    <OPLUS_IOTCONNECT_PACKAGE_CONTROL_THRESHOLD>5,15,600,30,3000</OPLUS_IOTCONNECT_PACKAGE_CONTROL_THRESHOLD>
    <OPLUS_IOTCONNECT_LOG_ENABLE>false</OPLUS_IOTCONNECT_LOG_ENABLE>
    <OPLUS_IOTCONNECT_LOG_RETURN_THRESHOLD>24</OPLUS_IOTCONNECT_LOG_RETURN_THRESHOLD>

    <!-- NormanLiu@CONNECTIVITY.WIFI.CONNECTIVITY.BTC.HYBRID, 2021/03/08 -->
    <HYBRID_SUPPORT>true</HYBRID_SUPPORT>
    <HYBRID_SET_DELAY_MS>30000</HYBRID_SET_DELAY_MS>
    <HYBRID_SPECIAL_APPS>com.tencent.tmgp.sgame</HYBRID_SPECIAL_APPS>
    <HYBRID_ROUTER_BLACK_LIST_ENABLE>true</HYBRID_ROUTER_BLACK_LIST_ENABLE>
    <HYBRID_RSSI_DEBOUCING>10</HYBRID_RSSI_DEBOUCING>
    <HYBRID_TPUT_THRESHOLD>1500000</HYBRID_TPUT_THRESHOLD>
    <!--Inherited from dualsta black list (2.4G) HW HG532d(2.4G)-->
    <OPLUS_IE_HYBRID_BLACKLIST>ff 00 001018 0200000c0000 ff00ffffffff 4d 0092,ff 00 000c43 08000000 ffffffff 65 00c2</OPLUS_IE_HYBRID_BLACKLIST>
    <!-- Xuyibo@CONNECTIVITY.WIFI.CONNECTIVITY.BTC.HYBRID, 2023/07/03 -->
    <FDD_BLACK_LIST_P2P></FDD_BLACK_LIST_P2P>
    <FDD_V2_P2P_SUPPORT>true</FDD_V2_P2P_SUPPORT>

    <!-- LiXiong@CONNECTIVITY.WIFI.HARDWARE.POWER.SMARTGEAR.1641437, 2020/12/21 -->
    <!-- Add for smartGear -->
    <WIFI_SMART_GEAR_ENABLE>true</WIFI_SMART_GEAR_ENABLE>
    <WIFI_SMART_GEAR_NSS2TO1_RSSI_THRED>-65</WIFI_SMART_GEAR_NSS2TO1_RSSI_THRED>
    <WIFI_SMART_GEAR_NSS1TO2_RSSI_THRED>-70</WIFI_SMART_GEAR_NSS1TO2_RSSI_THRED>
    <WIFI_SMART_GEAR_TPUT_THRED>2560</WIFI_SMART_GEAR_TPUT_THRED>
    <WIFI_SMART_GEAR_NSS2TO1_COOL_TIME_MS>35000</WIFI_SMART_GEAR_NSS2TO1_COOL_TIME_MS>
    <WIFI_SMART_GEAR_TOAST_DBG_ENABLE>false</WIFI_SMART_GEAR_TOAST_DBG_ENABLE>

    <WIFI_SMART_GEAR_ROUTER_WHITE_LIST_ENABLE>true</WIFI_SMART_GEAR_ROUTER_WHITE_LIST_ENABLE>
    <WIFI_SMART_GEAR_ROUTER_WHITE_LIST>MW325R,FW325R,360路由器,TL-XDR5430易展版,TL-WR886N,TL-WR842N</WIFI_SMART_GEAR_ROUTER_WHITE_LIST>
    <WIFI_SMART_GEAR_SSID_WHITE_LIST>Pwr_Edrc_Test_OP</WIFI_SMART_GEAR_SSID_WHITE_LIST>

    <WIFI_SMART_GEAR_APP_WHITE_LIST_ENABLE>true</WIFI_SMART_GEAR_APP_WHITE_LIST_ENABLE>
    <WIFI_SMART_GEAR_APP_WHITE_LIST>com.oppo.launcher,com.android.launcher,com.tencent.mtt,com.baidu.browser.apps,com.UCMobile,com.heytap.browser,com.tencent.mobileqq,com.tencent.mm,com.dragon.read,com.kmxs.reader,com.quark.browser,com.sup.android.superb,com.xingin.xhs,com.tencent.wework,cn.xuexi.android,com.qidian.QDReader,com.tencent.weread,com.zhihu.android</WIFI_SMART_GEAR_APP_WHITE_LIST>

    <!-- LiFenfen@CONNECTIVITY.WIFI.HARDWARE.SGDETECT.4092444, 2022/10/09 -->
    <!-- Add for smartgear detect -->
    <WIFI_SG_DETECT_ENABLE>true</WIFI_SG_DETECT_ENABLE>
    <WIFI_SG_DETECT_BLACK_LIST_ENABLE>true</WIFI_SG_DETECT_BLACK_LIST_ENABLE>
    <WIFI_SG_DETECT_BLACK_LIST>Sgdet_Black_Test_OP,TL-WDR5620,Wireless Dual Band Router D12,TL-WDR7660</WIFI_SG_DETECT_BLACK_LIST>


    <!-- LiFenfen@CONNECTIVITY.WIFI.HARDWARE.SGDETECT.7066861, 2024/06/11 -->
    <!-- Add for qcom smartgear detect -->
    <WIFI_SG_DETECT_APP_WHITE_LIST>com.oppo.launcher,com.android.launcher</WIFI_SG_DETECT_APP_WHITE_LIST>
    <WIFI_SG_DETECT_NSS_RATION>1.0</WIFI_SG_DETECT_NSS_RATION>

    <!-- LiFenfen@CONNECTIVITY.WIFI.HARDWARE.NSSDOT.7068812, 2024/06/11 -->
    <!-- Add for nss control, dynamic one chain tx control -->
    <WIFI_NSS_DOT_ENABLE>true</WIFI_NSS_DOT_ENABLE>
    <WIFI_NSS_DOT_TPUT_THRED>1280</WIFI_NSS_DOT_TPUT_THRED>
    <WIFI_NSS_DOT_FREQ_LIST></WIFI_NSS_DOT_FREQ_LIST>
    <WIFI_NSS_DOT_MAX_BANDWIDTH>2</WIFI_NSS_DOT_MAX_BANDWIDTH>

    <!-- YuanZhiqiang@CONNECTIVITY.WIFI.HARDWARE.SAR.6534006, 2024/1/25 -->
    <!-- Add for to unlock the sar sensor based on the step sensor status -->
    <WIFI_STEP_SENSOR_ENABLE>true</WIFI_STEP_SENSOR_ENABLE>

    <!-- SuPei@CONNECTIVITY.WIFI.NETWORK.BTC.2837823, 2021/12/08 -->
    <!-- Add for Null Data To CTS -->
    <NULL_DATA_TO_CTS_SUPPORT>true</NULL_DATA_TO_CTS_SUPPORT>
    <NULL_DATA_TO_CTS_ROUTER_WHITE_LIST_ENABLE>false</NULL_DATA_TO_CTS_ROUTER_WHITE_LIST_ENABLE>
    <NULL_DATA_TO_CTS_ROUTER_WHITE_LIST>NONE</NULL_DATA_TO_CTS_ROUTER_WHITE_LIST>
    <NULL_DATA_TO_CTS_ROUTER_BLACK_LIST_ENABLE>false</NULL_DATA_TO_CTS_ROUTER_BLACK_LIST_ENABLE>
    <NULL_DATA_TO_CTS_ROUTER_BLACK_LIST>NONE</NULL_DATA_TO_CTS_ROUTER_BLACK_LIST>

    <!-- XuChongwen@CONNECTIVITY.WIFI.BTC.DYNAMIC_TDD.3830892, 2022/06/16 -->
    <DYNAMIC_TDD_SUPPORT>true</DYNAMIC_TDD_SUPPORT>
    <DYNAMIC_TDD_WHITE_LIST>com.ss.android.ugc.aweme,com.ss.android.ugc.aweme.lite,com.smile.gifmaker,com.kuaishou.nebula,com.zhiliaoapp.musically,
                           ,com.kwai.video,com.xunmeng.pinduoduo,com.xingin.xhs,com.ss.android.article.video,com.tencent.qqlive,
                           ,com.qiyi.video,tv.danmaku.bili,com.hunantv.imgo.activity,com.youku.phone,com.heytap.browser,com.tencent.mtt,
                           ,com.UCMobile,in.startv.hotstar,com.google.android.youtube,app.revanced.android.youtube,com.sohu.sohuvideo,com.nemo.vidmate,com.google.android.apps.youtube.kids,com.iqiyi.i18n,com.ytv.pronew,
                           ,com.ss.android.ugc.live,com.ss.android.ugc.trill,free.tube.premium.advanced.tuber,premium.gotube.adblock.utube,com.kwai.kuaishou.video.live,com.baidu.searchbox,com.baidu.searchbox.lite,
                           ,com.quark.browser,com.android.chrome,com.UCMobile.intl,com.opera.mini.native,ru.yandex.searchplugin,com.brave.browser,com.netflix.mediaclient</DYNAMIC_TDD_WHITE_LIST>
    <DYNAMIC_TDD_LOW_DATA_RATE>6</DYNAMIC_TDD_LOW_DATA_RATE>
    <DYNAMIC_TDD_NORMAL_DATA_RATE>39</DYNAMIC_TDD_NORMAL_DATA_RATE>
    <DYNAMIC_TDD_MAX_GAME_LOW_DATA_RATE_CNT>5</DYNAMIC_TDD_MAX_GAME_LOW_DATA_RATE_CNT>
    <DYNAMIC_TDD_MAX_WHITE_APP_LOW_DATA_RATE_CNT>3</DYNAMIC_TDD_MAX_WHITE_APP_LOW_DATA_RATE_CNT>
    <DYNAMIC_TDD_MAX_NORMAL_DATA_RATE_CNT>3</DYNAMIC_TDD_MAX_NORMAL_DATA_RATE_CNT>

    <!-- alan.sun@CONNECTIVITY.WIFI.NETWORK, 2021/9/18 -->
    <!-- Add for wifi low latency -->
    <OPLUS_WIFI_LOW_LATENCY_ENABLED>true</OPLUS_WIFI_LOW_LATENCY_ENABLED>

    <!-- WuJie@CONNECTIVITY.WIFI.BASIC.SCREENCAST, 2022/01/17 -->
    <!-- Add for screencast P2P optimization -->
    <OPLUS_WIFI_P2P_OPTIMIZATION_ENABLED>true</OPLUS_WIFI_P2P_OPTIMIZATION_ENABLED>
    <!-- XiaZijian@CONNECTIVITY.WIFI.NETWORK, 2022/08/02 -->
    <!-- Add for DlnaDetect, DLNA_DETECT_STOP_DELAY unit is second,  DLNA_DETECT_DCS_DELAY unit is hour-->
    <DLNA_DETECT_FEATURE_ENABLE>true</DLNA_DETECT_FEATURE_ENABLE>
    <DLNA_DETECT_STOP_DELAY>30</DLNA_DETECT_STOP_DELAY>
    <DLNA_DETECT_DCS_DELAY>12</DLNA_DETECT_DCS_DELAY>
    <DLNA_DETECT_MONITOR_APK_LIST>com.tencent.qqlive,com.qiyi.video,com.youku.phone,tv.danmaku.bili,com.sohu.sohuvideo,com.ss.android.article.video,com.cmcc.cmvideo,com.hunantv.imgo.activity</DLNA_DETECT_MONITOR_APK_LIST>

    <!-- XuFenghua@CONNECTIVITY.WIFI.InterconnectScene.4302688, 2022/8/30, OPLUS_FEATURE_WIFI_CAPCENTER_INTERCONNECTSCENE -->
    <!-- Add for OplusInterconnectScene feature -->
    <INTERCONNECT_SCENE_ENABLE>true</INTERCONNECT_SCENE_ENABLE>
    <OJD_ENABLE>true</OJD_ENABLE>
    <INTERCONNECT_SCENE_LOG_ENABLE>true</INTERCONNECT_SCENE_LOG_ENABLE>
    <INTERCONNECT_SCENEC_LOG_RETURN_THRESHOLD>24</INTERCONNECT_SCENEC_LOG_RETURN_THRESHOLD>
    <INTERCONNECT_SCENE_VIDEO_APP_LIST>com.tencent.qqlive,com.qiyi.video,com.youku.phone,air.tv.douyu.android,com.duowan.kiwi,com.heytap.yoli,com.heytap.yoli:media,com.ss.android.ugc.aweme,com.ss.android.article.video,com.smile.gifmaker,com.ss.android.ugc.aweme.lite,com.cmcc.cmvideo,com.google.android.youtube,app.revanced.android.youtube,com.facebook.katana,com.zhiliaoapp.musically,com.instagram.android</INTERCONNECT_SCENE_VIDEO_APP_LIST>
    <INTERCONNECT_SCENE_REALTIME_GAME_APP_LIST>com.tencent.tmgp.pubgmhd,com.tencent.tmgp.sgame,com.tencent.lolm,com.tencent.tmgp.speedmobile,com.tencent.tmgp.cf,com.tencent.af,com.tencent.YiRen,com.tencent.KiHan,com.tencent.tmgp.cod,com.tencent.tmgp.bh3,com.miHoYo.bh3.nearme.gamecenter,com.miHoYo.enterprise.NGHSoD,com.pwrd.xxajh.nearme.gamecenter,com.xsmdl.nearme.gamecenter,com.youzu.bs.nearme.gamecenter,com.denachina.g13002010.nearme.gamecenter,com.netease.jddsaef.nearme.gamecenter,com.miHoYo.Yuanshen</INTERCONNECT_SCENE_REALTIME_GAME_APP_LIST>
    <INTERCONNECT_SCENE_FILE_TRANS_APP_LIST>com.heytap.market,com.oppo.market,org.zwanoo.android.speedtest,com.splashpadmobile.speedtest,org.zwanoo.android.speedtest.china,com.network.test,com.android.vending,com.vtool.speedtest.speedcheck.internet,com.speedtest.testspeed,com.Wifi.lte5g.lte4g.lte3g.speedtest.Internetspeed,com.internet.speedtest.check.wifi.meterorg,com.netflix.Speedtest,,com.tencent.android.qqdownloader,com.oppo.market,com.heytap.market,com.nearme.gamecenter,com.xunlei.downloadprovider,com.baidu.netdisk,com.wandoujia.phoenix2,cn.nokia.speedtest5g</INTERCONNECT_SCENE_FILE_TRANS_APP_LIST>
    <INTERCONNECT_SCENE_GAME_MODE_SUPPORT_APP_LIST>com.tencent.tmgp.pubgmhd,com.tencent.tmgp.sgame,com.tencent.lolm</INTERCONNECT_SCENE_GAME_MODE_SUPPORT_APP_LIST>
    <INTERCONNECT_SCENE_TRAFFIC_HIGH_CHECK_INTERVAL_MS>1000</INTERCONNECT_SCENE_TRAFFIC_HIGH_CHECK_INTERVAL_MS>
    <INTERCONNECT_SCENE_TRAFFIC_HIGH_2G_Mbps>15</INTERCONNECT_SCENE_TRAFFIC_HIGH_2G_Mbps>
    <INTERCONNECT_SCENE_TRAFFIC_HIGH_5G_Mbps>50</INTERCONNECT_SCENE_TRAFFIC_HIGH_5G_Mbps>
    <!-- 2G_BANDWIDTH_BAD/GOOD(Mbps), 2G_RTT_BAD/GOOD(ms), 5G_BANDWIDTH_BAD/GOOD, 5G_RTT_BAD/GOOD, can't add space after , -->
    <ICS_QUOTA_STA_NORMAL>2,30,200,100,10,50,200,100</ICS_QUOTA_STA_NORMAL>
    <ICS_QUOTA_STA_FILE_TRANS>10,50,200,100,50,100,200,100</ICS_QUOTA_STA_FILE_TRANS>
    <ICS_QUOTA_STA_VIDEO>10,30,200,100,15,50,200,100</ICS_QUOTA_STA_VIDEO>
    <ICS_QUOTA_STA_REALTIME_GAME>10,30,200,100,15,50,200,100</ICS_QUOTA_STA_REALTIME_GAME>
    <ICS_QUOTA_P2P_NORMAL>2,30,100,50,15,50,100,50</ICS_QUOTA_P2P_NORMAL>
    <ICS_QUOTA_P2P_FILE_TRANS>15,50,200,100,50,100,200,100</ICS_QUOTA_P2P_FILE_TRANS>
    <ICS_QUOTA_P2P_VIDEO>5,30,100,30,15,50,100,30</ICS_QUOTA_P2P_VIDEO>
    <ICS_QUOTA_P2P_REALTIME_GAME>5,30,100,30,15,50,100,30</ICS_QUOTA_P2P_REALTIME_GAME>
    <!-- predict br may not equal with L3 potential throughput, add 20% etra buffer, when need 100Mbps T.P quota, predict bitrate should be 120Mbps-->
    <ICS_PRED_BR_BUFFER_RATIO>20</ICS_PRED_BR_BUFFER_RATIO>
    <!-- when L3 traffic >= 80% of L2 Pred BR, set L2 can't carray warning info-->
    <ICS_L3_TRAFFIC_RATIO_WARNING_THRESHOLD>80</ICS_L3_TRAFFIC_RATIO_WARNING_THRESHOLD>
    <!-- rtt_diff_base: ms,l3_traffic_change: mbps, l2_pred_br_change: mbps -->
    <ICS_RTT_DIFF_BASE>20</ICS_RTT_DIFF_BASE>
    <ICS_L3_TRAFFIC_DIFF_BASE>15</ICS_L3_TRAFFIC_DIFF_BASE>
    <ICS_L2_PRED_BR_DIFF_BASE>15</ICS_L2_PRED_BR_DIFF_BASE>
    <ICS_SK_SND_CWND_DIFF_BASE>8</ICS_SK_SND_CWND_DIFF_BASE>
    <JD_BR_TAKE_DETAIL_INFO>false</JD_BR_TAKE_DETAIL_INFO>
    <OJD_SUPPORT_STA>false</OJD_SUPPORT_STA>
    <OJD_SUPPORT_P2P>true</OJD_SUPPORT_P2P>

    <!-- XuFenghua@CONNECTIVITY.WIFI.P2P.SMARTMCC.2371952, OPLUS_FEATURE_WIFI_CAPCENTER_SMARTMCC, 2022/06/10 -->
    <!-- Add for OplusSmartMCC feature -->
    <SMARTMCC_ENABLE>true</SMARTMCC_ENABLE>
    <RECORD_LOG_EVEN_PLATFORM_NOT_SUPPORT_SMARTMCC>true</RECORD_LOG_EVEN_PLATFORM_NOT_SUPPORT_SMARTMCC>
    <SMARTMCC_LOG_ENABLE>true</SMARTMCC_LOG_ENABLE>
    <SMARTMCC_LOG_RETURN_THRESHOLD>24</SMARTMCC_LOG_RETURN_THRESHOLD>
    <SMARTMCC_VIDEO_APP_LIST>com.tencent.qqlive,com.qiyi.video,com.youku.phone,air.tv.douyu.android,com.duowan.kiwi,com.heytap.yoli,com.heytap.yoli:media,com.ss.android.ugc.aweme,com.ss.android.article.video,com.smile.gifmaker,com.ss.android.ugc.aweme.lite,com.cmcc.cmvideo,com.google.android.youtube,com.facebook.katana,com.zhiliaoapp.musically,com.instagram.android</SMARTMCC_VIDEO_APP_LIST>
    <SMARTMCC_REALTIME_GAME_APP_LIST>com.tencent.tmgp.pubgmhd,com.tencent.tmgp.sgame,com.tencent.lolm,com.tencent.tmgp.speedmobile,com.tencent.tmgp.cf,com.tencent.af,com.tencent.YiRen,com.tencent.KiHan,com.tencent.tmgp.cod,com.tencent.tmgp.bh3,com.miHoYo.bh3.nearme.gamecenter,com.miHoYo.enterprise.NGHSoD,com.pwrd.xxajh.nearme.gamecenter,com.xsmdl.nearme.gamecenter,com.youzu.bs.nearme.gamecenter,com.denachina.g13002010.nearme.gamecenter,com.netease.jddsaef.nearme.gamecenter,com.miHoYo.Yuanshen</SMARTMCC_REALTIME_GAME_APP_LIST>
    <SMARTMCC_FILE_TRANS_APP_LIST>com.heytap.market,com.oppo.market,org.zwanoo.android.speedtest,com.splashpadmobile.speedtest,org.zwanoo.android.speedtest.china,com.network.test,com.android.vending,com.vtool.speedtest.speedcheck.internet,com.speedtest.testspeed,com.Wifi.lte5g.lte4g.lte3g.speedtest.Internetspeed,com.internet.speedtest.check.wifi.meterorg,com.netflix.Speedtest,,com.tencent.android.qqdownloader,com.oppo.market,com.heytap.market,com.nearme.gamecenter,com.xunlei.downloadprovider,com.baidu.netdisk,com.wandoujia.phoenix2,cn.nokia.speedtest5g</SMARTMCC_FILE_TRANS_APP_LIST>
    <SMARTMCC_GAME_MODE_SUPPORT_APP_LIST>com.tencent.tmgp.pubgmhd,com.tencent.tmgp.sgame,com.tencent.lolm</SMARTMCC_GAME_MODE_SUPPORT_APP_LIST>
    <SMARTMCC_QUOTA_2G_VIDEO_MTK>30,70</SMARTMCC_QUOTA_2G_VIDEO_MTK>
    <SMARTMCC_QUOTA_2G_REAL_TIME_GAME_MTK>30,30</SMARTMCC_QUOTA_2G_REAL_TIME_GAME_MTK>
    <SMARTMCC_QUOTA_2G_FILE_TRANS_MTK>50,50</SMARTMCC_QUOTA_2G_FILE_TRANS_MTK>
    <SMARTMCC_QUOTA_2G_P2P_FILE_TRANS_MTK>30,70</SMARTMCC_QUOTA_2G_P2P_FILE_TRANS_MTK>
    <SMARTMCC_QUOTA_2G_OTHERS_MTK>30,70</SMARTMCC_QUOTA_2G_OTHERS_MTK>
    <SMARTMCC_QUOTA_5G_VIDEO_MTK>30,70</SMARTMCC_QUOTA_5G_VIDEO_MTK>
    <SMARTMCC_QUOTA_5G_REALTIME_GAME_MTK>30,30</SMARTMCC_QUOTA_5G_REALTIME_GAME_MTK>
    <SMARTMCC_QUOTA_5G_FILE_TRANS_MTK>50,50</SMARTMCC_QUOTA_5G_FILE_TRANS_MTK>
    <SMARTMCC_QUOTA_5G_P2P_FILE_TRANS_MTK>30,70</SMARTMCC_QUOTA_5G_P2P_FILE_TRANS_MTK>
    <SMARTMCC_QUOTA_5G_OTHERS_MTK>30,70</SMARTMCC_QUOTA_5G_OTHERS_MTK>
    <SMARTMCC_QUOTA_2G_VIDEO_QCOM>30,70</SMARTMCC_QUOTA_2G_VIDEO_QCOM>
    <SMARTMCC_QUOTA_2G_REAL_TIME_GAME_QCOM>50,50</SMARTMCC_QUOTA_2G_REAL_TIME_GAME_QCOM>
    <SMARTMCC_QUOTA_2G_REALTIME_GAME_LOW_LATENCY_QCOM>30,30</SMARTMCC_QUOTA_2G_REALTIME_GAME_LOW_LATENCY_QCOM>
    <SMARTMCC_QUOTA_2G_FILE_TRANS_QCOM>50,50</SMARTMCC_QUOTA_2G_FILE_TRANS_QCOM>
    <SMARTMCC_QUOTA_2G_P2P_FILE_TRANS_QCOM>30,70</SMARTMCC_QUOTA_2G_P2P_FILE_TRANS_QCOM>
    <SMARTMCC_QUOTA_2G_OTHERS_QCOM>30,70</SMARTMCC_QUOTA_2G_OTHERS_QCOM>
    <SMARTMCC_QUOTA_5G_VIDEO_QCOM>30,70</SMARTMCC_QUOTA_5G_VIDEO_QCOM>
    <SMARTMCC_QUOTA_5G_REALTIME_GAME_QCOM>50,50</SMARTMCC_QUOTA_5G_REALTIME_GAME_QCOM>
    <SMARTMCC_QUOTA_5G_REALTIME_GAME_LOW_LATENCY_QCOM>30,30</SMARTMCC_QUOTA_5G_REALTIME_GAME_LOW_LATENCY_QCOM>
    <SMARTMCC_QUOTA_5G_FILE_TRANS_QCOM>50,50</SMARTMCC_QUOTA_5G_FILE_TRANS_QCOM>
    <SMARTMCC_QUOTA_5G_P2P_FILE_TRANS_QCOM>30,70</SMARTMCC_QUOTA_5G_P2P_FILE_TRANS_QCOM>
    <SMARTMCC_QUOTA_5G_OTHERS_QCOM>30,70</SMARTMCC_QUOTA_5G_OTHERS_QCOM>
    <SMARTMCC_QUOTA_UDP_ADJUST>10</SMARTMCC_QUOTA_UDP_ADJUST>
    <SMARTMCC_TRAFFIC_HIGH_CHECK_INTERVAL_MS>1000</SMARTMCC_TRAFFIC_HIGH_CHECK_INTERVAL_MS>
    <SMARTMCC_TRAFFIC_HIGH_2G_Mbps>15</SMARTMCC_TRAFFIC_HIGH_2G_Mbps>
    <SMARTMCC_TRAFFIC_HIGH_5G_Mbps>50</SMARTMCC_TRAFFIC_HIGH_5G_Mbps>

    <!-- LiangXiao@CONNECTIVITY.WIFI.BASIC.P2P.BC, 2023/06/17 -->
    <!-- Add for P2P Bandwidthcontrol on cast mode -->
    <OPLUS_WIFI_P2P_BANDWIDTH_CONTROL>true</OPLUS_WIFI_P2P_BANDWIDTH_CONTROL>

    <!-- LiangXiao@CONNECTIVITY.WIFI.BASIC.P2P.D2D, 2024/09/22 -->
    <!-- Add for control D2D disable/enable by RUS -->
    <OPLUS_WIFI_D2D_MODE_ENABLE>true</OPLUS_WIFI_D2D_MODE_ENABLE>

    <!-- LiangXiao@CONNECTIVITY.WIFI.BASIC.SAP.INFOCHECKER, 2024/05/10 -->
    <!-- Add for P2P/SAP Info checker feature -->
    <OPLUS_WIFI_P2P_SAP_INFOCHECKER>false</OPLUS_WIFI_P2P_SAP_INFOCHECKER>

    <!-- //#ifdef OPLUS_FEATURE_WIFI_ATPC -->
    <!-- //LiuZuofa@CONNECTIVITY.WIFI.HARDWARE.ATPC.4470594,2022/09/25,add for wifi auto tx power control -->
    <OPLUS_WIFI_ATPC_BACKUP_STA_ENABLE>true</OPLUS_WIFI_ATPC_BACKUP_STA_ENABLE>
    <OPLUS_WIFI_ATPC_BACKUP_SOFTAP_ENABLE>true</OPLUS_WIFI_ATPC_BACKUP_SOFTAP_ENABLE>
    <OPLUS_WIFI_ATPC_WIFI_DISPLAY_ENABLE>false</OPLUS_WIFI_ATPC_WIFI_DISPLAY_ENABLE>
    <OPLUS_WIFI_ATPC_SMART_SOFTAP_ENABLE>true</OPLUS_WIFI_ATPC_SMART_SOFTAP_ENABLE>
    <OPLUS_WIFI_ATPC_BACKUP_APPS>com.coloros.backuprestore,com.oneplus.backuprestore</OPLUS_WIFI_ATPC_BACKUP_APPS>
    <OPLUS_WIFI_ATPC_AUTO_ADJUST_SYNERGY_CAST_ENABLE>true</OPLUS_WIFI_ATPC_AUTO_ADJUST_SYNERGY_CAST_ENABLE>
    <OPLUS_WIFI_ATPC_BACKUP_TX_POWER>5</OPLUS_WIFI_ATPC_BACKUP_TX_POWER>
    <OPLUS_WIFI_ATPC_WIFI_DISPLAY_TX_POWER>12</OPLUS_WIFI_ATPC_WIFI_DISPLAY_TX_POWER>
    <OPLUS_WIFI_ATPC_AUTO_ADJUST_SYNERGY_CAST_TX_POWER>8</OPLUS_WIFI_ATPC_AUTO_ADJUST_SYNERGY_CAST_TX_POWER>
    <OPLUS_WIFI_ATPC_SAP_RSSI_THRESHOLD_FOR_24G>-53</OPLUS_WIFI_ATPC_SAP_RSSI_THRESHOLD_FOR_24G>
    <OPLUS_WIFI_ATPC_SAP_RSSI_THRESHOLD_FOR_5G>-43</OPLUS_WIFI_ATPC_SAP_RSSI_THRESHOLD_FOR_5G>
    <!-- //#endif /* OPLUS_FEATURE_WIFI_ATPC */ -->

    <!-- //#ifdef OPLUS_FEATURE_WIFI_POWER -->
    <!-- //wuguotian@CONNECTIVITY.WIFI.HARDWARE.POWER.4588215,2022/11/29,add for collect wifi power log -->
    <OPLUS_WIFI_POWER_ENABLE_MTK_COLLECT_LOG>1</OPLUS_WIFI_POWER_ENABLE_MTK_COLLECT_LOG>
    <OPLUS_WIFI_POWER_ENABLE_QCOM_COLLECT_LOG>0</OPLUS_WIFI_POWER_ENABLE_QCOM_COLLECT_LOG>
    <OPLUS_WIFI_POWER_ENABLE_COLLECT_LOG_THRESHOLD>0.2</OPLUS_WIFI_POWER_ENABLE_COLLECT_LOG_THRESHOLD>
    <!-- //#endif /* OPLUS_FEATURE_WIFI_POWER */ -->

    <!-- //#ifdef OPLUS_FEATURE_WIFI_VBAT -->
    <!-- //Zhiqiang Yuan@CONNECTIVITY.WIFI.HARDWARE.POWER.7062768, 2024/03/18, Add this for WiFi power backoff when voltage is low -->
    <OPLUS_WIFI_VBAT_POWER_BACKOFF_THRED>3000</OPLUS_WIFI_VBAT_POWER_BACKOFF_THRED>
    <OPLUS_WIFI_VBAT_POWER_RESET_THRED>3200</OPLUS_WIFI_VBAT_POWER_RESET_THRED>
    <!-- //#endif /* OPLUS_FEATURE_WIFI_VBAT */ -->

    <!-- //#ifdef OPLUS_FEATURE_WIFI_POWER -->
    <!-- //LiFenfen@CONNECTIVITY.WIFI.HARDWARE.POWER.7259896,2024/04/11,add for wifi subsys reset and collect wifi power log -->
    <OPLUS_CONSYS_WF_INFO_RESET_ENABLE>true</OPLUS_CONSYS_WF_INFO_RESET_ENABLE>
    <OPLUS_CONSYS_WF_INFO_RESET_TEST_ENABLE>false</OPLUS_CONSYS_WF_INFO_RESET_TEST_ENABLE>
    <OPLUS_CONSYS_WF_INFO_RESET_COUNT_THRESHOLD>3</OPLUS_CONSYS_WF_INFO_RESET_COUNT_THRESHOLD>
    <OPLUS_CONSYS_WF_INFO_RESET_PERIOD_THRESHOLD>1800000</OPLUS_CONSYS_WF_INFO_RESET_PERIOD_THRESHOLD>
    <OPLUS_CONSYS_WF_INFO_RESET_APP_LIST>com.mediatek.engineermode,com.oplus.engineermode</OPLUS_CONSYS_WF_INFO_RESET_APP_LIST>
    <OPLUS_CONSYS_WF_INFO_RESET_TPUT_THRESHOLD>200000</OPLUS_CONSYS_WF_INFO_RESET_TPUT_THRESHOLD>
    <OPLUS_CONSYS_WF_INFO_LPM_RATIO_LEVEL0>0</OPLUS_CONSYS_WF_INFO_LPM_RATIO_LEVEL0>
    <OPLUS_CONSYS_WF_INFO_LPM_RATIO_LEVEL1>0.2</OPLUS_CONSYS_WF_INFO_LPM_RATIO_LEVEL1>
    <OPLUS_CONSYS_WF_INFO_LPM_RATIO_LEVEL2>0.4</OPLUS_CONSYS_WF_INFO_LPM_RATIO_LEVEL2>
    <OPLUS_CONSYS_WF_INFO_LPM_RATIO_LEVEL3>0.6</OPLUS_CONSYS_WF_INFO_LPM_RATIO_LEVEL3>
    <OPLUS_CONSYS_WF_INFO_LPM_RATIO_LEVEL4>0.8</OPLUS_CONSYS_WF_INFO_LPM_RATIO_LEVEL4>
    <OPLUS_CONSYS_WF_INFO_LPM_RATIO_LEVEL5>0.9</OPLUS_CONSYS_WF_INFO_LPM_RATIO_LEVEL5>
    <OPLUS_CONSYS_WF_INFO_PERIOD_INTERVAL>3600000</OPLUS_CONSYS_WF_INFO_PERIOD_INTERVAL>
    <OPLUS_CONSYS_WF_STATS_PERIOD_INTERVAL>86400000</OPLUS_CONSYS_WF_STATS_PERIOD_INTERVAL>
    <!-- //#endif /* OPLUS_FEATURE_WIFI_POWER */ -->

    <!-- //#ifdef OPLUS_FEATURE_BACKOFF_POWER_FOR_CAMERA -->
    <!-- //Zhiqiang Yuan@CONNECTIVITY.WIFI.HARDWARE.POWER.8078988, 2024/11/10,Add this for WiFi power backoff when the camera is interfered by the WiFi signal -->
    <OPLUS_WIFI_BACKOFF_POWER_FOR_CAMERA_ENABLED>true</OPLUS_WIFI_BACKOFF_POWER_FOR_CAMERA_ENABLED>
    <OPLUS_WIFI_BACKOFF_POWER_FOR_SCAN_ONLY_MODE_ENABLED>true</OPLUS_WIFI_BACKOFF_POWER_FOR_SCAN_ONLY_MODE_ENABLED>
    <OPLUS_WIFI_CUSTOM_POWER_FOR_CAMERA_ENABLED>false</OPLUS_WIFI_CUSTOM_POWER_FOR_CAMERA_ENABLED>
    <OPLUS_WIFI_CUSTOM_POWER_FOR_CAMERA>18</OPLUS_WIFI_CUSTOM_POWER_FOR_CAMERA>
    <!-- //#endif /* OPLUS_FEATURE_BACKOFF_POWER_FOR_CAMERA */ -->

    <!-- //#ifdef OPLUS_FEATURE_DATA_LIMIT_PHONE_CLONE -->
    <!-- //XiaZijian@CONNECTIVITY.WIFI.NETWORK.6061329, add for data limit for phone clone -->
    <PHONE_CLONE_STA_DATA_LIMIT_FEATURE_ENABLE>true</PHONE_CLONE_STA_DATA_LIMIT_FEATURE_ENABLE>
    <PHONE_CLONE_SAP_DATA_LIMIT_FEATURE_ENABLE>true</PHONE_CLONE_SAP_DATA_LIMIT_FEATURE_ENABLE>
    <!-- //#endif OPLUS_FEATURE_DATA_LIMIT_PHONE_CLONE -->

    <!-- //#ifdef OPLUS_FEATURE_WIFI_VIRTUAL_COMM -->
    <!-- //ZhengDeng@CONNECTIVITY.WIFI.SOFTAP,add for VIRTUAL_COMM -->
    <VIRTUAL_COMM_AUTO_CHANGE_AP_BAND>false</VIRTUAL_COMM_AUTO_CHANGE_AP_BAND>
    <VIRTUAL_COMM_AUTO_CONNECT_AP>true</VIRTUAL_COMM_AUTO_CONNECT_AP>
    <!-- //#endif OPLUS_FEATURE_WIFI_VIRTUAL_COMM -->

    <!--//#ifdef OPLUS_FEATURE_POWER_DYNAMIC_BW-->
    <OPLUS_POWER_DYNAMIC_BW_AP_LIST>TL-XDR6060易展Turbo版</OPLUS_POWER_DYNAMIC_BW_AP_LIST>
    <OPLUS_WIFI_POWER_DYNAMIC_BW_ENABLE>false</OPLUS_WIFI_POWER_DYNAMIC_BW_ENABLE>
    <OPLUS_POWER_DYNAMIC_BW_APP_WHITELIST>com.oppo.launcher,com.android.launcher,com.tencent.mtt,com.baidu.browser.apps,com.UCMobile,com.heytap.browser,com.tencent.mobileqq,com.tencent.mm,com.dragon.read,com.kmxs.reader,com.quark.browser,com.sup.android.superb,com.xingin.xhs,com.tencent.wework,cn.xuexi.android,com.qidian.QDReader,com.tencent.weread,com.zhihu.android</OPLUS_POWER_DYNAMIC_BW_APP_WHITELIST>
    <!--//#endif /* OPLUS_FEATURE_POWER_DYNAMIC_BW-->

    <!-- //#ifdef OPLUS_FEATURE_WIFI_HARDWARE_MONITOR -->
    <!-- //huitao@CONNECTIVITY.WIFI.HARDWARE.SWITCH.4794611,2023/04/25, -->
    <HARDWARE_MONITOR_RSSI_FAILED_NOTIFY_INTERVAL_HOUR>2</HARDWARE_MONITOR_RSSI_FAILED_NOTIFY_INTERVAL_HOUR>
    <HARDWARE_MONITOR_RSSI_LOW_LEVEL_DEFAULT>1</HARDWARE_MONITOR_RSSI_LOW_LEVEL_DEFAULT>
    <HARDWARE_MONITOR_RSSI_ISSUE_DURATION_DAYS_INTERVAL>3</HARDWARE_MONITOR_RSSI_ISSUE_DURATION_DAYS_INTERVAL>
    <HARDWARE_MONITOR_SWITCH_FAIL_ISSUE_REBOOT_DETECT_MAP_SIZE_DEFAULT>10</HARDWARE_MONITOR_SWITCH_FAIL_ISSUE_REBOOT_DETECT_MAP_SIZE_DEFAULT>
    <HARDWARE_MONITOR_SWITCH_FAIL_ISSUE_COUNTS_DEFAULT>5</HARDWARE_MONITOR_SWITCH_FAIL_ISSUE_COUNTS_DEFAULT>
    <!-- //#endif /* OPLUS_FEATURE_WIFI_HARDWARE_MONITOR */ -->

    <!-- //#ifdef OPLUS_FEATURE_WIFI_SMARTSCAN -->
    <!-- //ZhouYaosheng@CONNECTIVITY.WIFI.CONNECTION.SMARTSCAN.5514398,2023/08/01, -->
    <OPLUS_SMART_SCAN_MOBILITY_STATE_ENABLED>true</OPLUS_SMART_SCAN_MOBILITY_STATE_ENABLED>
    <OPLUS_SMART_SCAN_LOW_LATENCY_SCENE_ENABLED>true</OPLUS_SMART_SCAN_LOW_LATENCY_SCENE_ENABLED>
    <OPLUS_SMART_SCAN_INTER_CONNECTED_SCENE_ENABLED>true</OPLUS_SMART_SCAN_INTER_CONNECTED_SCENE_ENABLED>
    <OPLUS_SMART_SCAN_SIGNAL_MAP_ENABLED>true</OPLUS_SMART_SCAN_SIGNAL_MAP_ENABLED>
    <OPLUS_SMART_SCAN_P2P_SCENE_ENABLED>true</OPLUS_SMART_SCAN_P2P_SCENE_ENABLED>
    <OPLUS_SMART_SCAN_SOFTAP_SCENE_ENABLED>false</OPLUS_SMART_SCAN_SOFTAP_SCENE_ENABLED>
    <OPLUS_SMART_SCAN_BTC_SCENE_ENABLED>false</OPLUS_SMART_SCAN_BTC_SCENE_ENABLED>
    <OPLUS_WIFI_LIMIT_SCAN_FOR_APP_ENABLED>true</OPLUS_WIFI_LIMIT_SCAN_FOR_APP_ENABLED>
    <OPLUS_WIFI_LIMIT_FG_SCAN_FOR_APPS>com.metricowireless.datumandroid:1:600000,com.coloros.backuprestore:1:2000,com.oneplus.backuprestore:1:2000,me.ele.hbdteam:1:2000:rider,me.ele.crowdsource:1:2000:rider,com.oplus.location:1:3000</OPLUS_WIFI_LIMIT_FG_SCAN_FOR_APPS>
    <OPLUS_WIFI_LIMIT_BG_SCAN_FOR_APPS> </OPLUS_WIFI_LIMIT_BG_SCAN_FOR_APPS>
    <SCAN_THROTTLE_FOR_FG_EXCEPTION_LIST_APPS>1:10000</SCAN_THROTTLE_FOR_FG_EXCEPTION_LIST_APPS>
    <SCAN_THROTTLE_FOR_BG_EXCEPTION_LIST_APPS>1:30000</SCAN_THROTTLE_FOR_BG_EXCEPTION_LIST_APPS>
    <SCAN_THROTTLE_FOR_WIFI_SCANNER>1:15000</SCAN_THROTTLE_FOR_WIFI_SCANNER>
    <SCAN_THROTTLE_FOR_WIFI_SCANNER_EXCEPTION_LIST> </SCAN_THROTTLE_FOR_WIFI_SCANNER_EXCEPTION_LIST>
    <HOMESCENE_ENTERING_SCAN_INTERVAL_MS>20000</HOMESCENE_ENTERING_SCAN_INTERVAL_MS>
    <!-- //#endif /* OPLUS_FEATURE_WIFI_SMARTSCAN */ -->

    <!-- Add for Rider Mode -->
    <OPLUS_WIFI_RIDER_MODE_ENABLED>true</OPLUS_WIFI_RIDER_MODE_ENABLED>

    <!-- //#ifdef OPLUS_FEATURE_WIFI_POWER_DISABLENET -->
    <OPLUS_WIFI_POWER_DISABLENET_ENABLE>true</OPLUS_WIFI_POWER_DISABLENET_ENABLE>
    <OPLUS_WIFI_POWER_DISABLENET_FW_THRED>0.2</OPLUS_WIFI_POWER_DISABLENET_FW_THRED>
    <OPLUS_WIFI_POWER_DISABLENET_WAKEUP_THRED>30</OPLUS_WIFI_POWER_DISABLENET_WAKEUP_THRED>
    <OPLUS_WIFI_POWER_DISABLENET_SEND_INTERVAL>1800000</OPLUS_WIFI_POWER_DISABLENET_SEND_INTERVAL>
    <OPLUS_WIFI_POWER_DISABLENET_BATTERY_CHECK_COUNT>3</OPLUS_WIFI_POWER_DISABLENET_BATTERY_CHECK_COUNT>
    <OPLUS_WIFI_POWER_DISABLENET_POWER_ABNORMAL_CURRENT_THRED>60</OPLUS_WIFI_POWER_DISABLENET_POWER_ABNORMAL_CURRENT_THRED>
    <!-- //#endif /* OPLUS_FEATURE_WIFI_POWER_DISABLENET */ -->

    <!-- //#ifdef OPLUS_FEATURE_SMART_VOWIFI_ASSISTANT -->
    <OPLUS_SMART_VOWIFI_ASSISTANT_ENABLE>true</OPLUS_SMART_VOWIFI_ASSISTANT_ENABLE>
    <OPLUS_SMART_VOWIFI_ASSISTANT_RSSI_THRESHOLDS_24G>-83,-80,-75,-65</OPLUS_SMART_VOWIFI_ASSISTANT_RSSI_THRESHOLDS_24G>
    <OPLUS_SMART_VOWIFI_ASSISTANT_RSSI_THRESHOLDS_5G>-83,-78,-73,-65</OPLUS_SMART_VOWIFI_ASSISTANT_RSSI_THRESHOLDS_5G>
    <OPLUS_SMART_VOWIFI_ASSISTANT_TXPER_THRESHOLDS>55,40,25,10</OPLUS_SMART_VOWIFI_ASSISTANT_TXPER_THRESHOLDS>
    <OPLUS_SMART_VOWIFI_ASSISTANT_CCA_THRESHOLDS>200,150,100,50</OPLUS_SMART_VOWIFI_ASSISTANT_CCA_THRESHOLDS>
    <OPLUS_SMART_VOWIFI_ASSISTANT_RTT_THRESHOLDS>370,190,110,60</OPLUS_SMART_VOWIFI_ASSISTANT_RTT_THRESHOLDS>
    <!-- //#endif /* OPLUS_FEATURE_SMART_VOWIFI_ASSISTANT */ -->

    <!-- KongXianghui@CONNECTIVITY.WIFI.HARDWARE.CRASH.7327116,2024/05/23 -->
    <DISABLE_WIFI_WHEN_SHUTDOWN>true</DISABLE_WIFI_WHEN_SHUTDOWN>

    <!-- KongXianghui@CONNECTIVITY.WIFI.HARDWARE.CRASH.7930361,2024/09/13 -->
    <ARIES_P2P_GO_DFS_ENABLE>true</ARIES_P2P_GO_DFS_ENABLE>
    <!-- End -->

    <!-- LiuZixuan@CONNECTIVITY.WIFI.BASIC.P2P.8741788,2025/02/28 -->
    <INVALID_PLATFORM_FOR_DFS_CHANNEL_SWITCH>SM8750,SM8650,SM8350,SM8250,SM7325</INVALID_PLATFORM_FOR_DFS_CHANNEL_SWITCH>
    <!-- End -->

    <!-- //#ifdef OPLUS_FEATURE_WIFISIGNAL -->
    <OPLUS_FEATURE_WIFISIGNAL_RUS_SWITCH>true</OPLUS_FEATURE_WIFISIGNAL_RUS_SWITCH>
    <!-- //#endif /* OPLUS_FEATURE_WIFISIGNAL */ -->

    <!-- LiJia@CONNECTIVITY.WIFI.NETWORK.BTC.7637979, 2024/09/29 -->
    <!-- Add for Power Save Abnormal Router -->
    <POWER_SAVE_IOT_AP_ENABLE>true</POWER_SAVE_IOT_AP_ENABLE>
    <POWER_SAVE_IOT_AP_LIST>TL-WR742N,TL-WR841N,TL-WR842N,TL-WR886N</POWER_SAVE_IOT_AP_LIST>

    <!-- //#ifdef OPLUS_FEATURE_WIFI_DCS -->
    <POWER_LIMIT_FREQ_LIST>2467,2472</POWER_LIMIT_FREQ_LIST>
    <POWER_LIMIT_CHANNEL_RATIO>0.3</POWER_LIMIT_CHANNEL_RATIO>
    <TOTAL_DAYS_THRESHOLD>7</TOTAL_DAYS_THRESHOLD>
    <POWER_LIMIT_DAYS_THRESHOLD>2</POWER_LIMIT_DAYS_THRESHOLD>
    <NET_SLOW_EVT_TOTAL_CNT_THRESHOLD>50</NET_SLOW_EVT_TOTAL_CNT_THRESHOLD>
    <!-- //#endif /* OPLUS_FEATURE_WIFI_DCS */ -->

    <!-- Chuanye.Xu@CONNECTIVITY.WIFI.HARDWARE.POWER.1039214, 2017/08/24, -->
    <!-- Add for default AFP program convert from:
    "!ether broadcast && !ip6 multicast && !ip broadcast
        && !dst portrange 137-139 && !ip[19]=255 && ! igmp && !stp && !ether proto 0xbeef && !(ether[12:2] < 0x600 && ether[14:2] = 0xaaaa
        && (ether[18:2] = 0x000c || ether[20:2] = 0x2000 || ether[20:2] = 0x00c6 || ether[22:4] = 0x0001af81))" -->
    <APF_PROGRAM>
(000) ld       [2]&#x000A;
(001) jeq      #0xffffffff      jt 2    jf 4&#x000A;
(002) ldh      [0]&#x000A;
(003) jeq      #0xffff          jt 58   jf 4&#x000A;
(004) ldh      [12]&#x000A;
(005) jeq      #0x86dd          jt 6    jf 15&#x000A;
(006) ldb      [38]&#x000A;
(007) jeq      #0xff            jt 58   jf 8&#x000A;
(008) ldb      [20]&#x000A;
(009) jeq      #0x84            jt 12   jf 10&#x000A;
(010) jeq      #0x6             jt 12   jf 11&#x000A;
(011) jeq      #0x11            jt 12   jf 42&#x000A;
(012) ldh      [56]&#x000A;
(013) jge      #0x89            jt 14   jf 42&#x000A;
(014) jgt      #0x8b            jt 42   jf 58&#x000A;
(015) jeq      #0x800           jt 16   jf 36&#x000A;
(016) ld       [30]&#x000A;
(017) jeq      #0x0             jt 58   jf 18&#x000A;
(018) jeq      #0xffffffff      jt 58   jf 19&#x000A;
(019) jeq      #0xe00000fb      jt 58   jf 20&#x000A;
(020) jeq      #0xe00000fc      jt 58   jf 21&#x000A;
(021) jeq      #0xeffffffa      jt 58   jf 22&#x000A;
(022) ldb      [23]&#x000A;
(023) jeq      #0x84            jt 26   jf 24&#x000A;
(024) jeq      #0x6             jt 26   jf 25&#x000A;
(025) jeq      #0x11            jt 26   jf 32&#x000A;
(026) ldh      [20]&#x000A;
(027) jset     #0x1fff          jt 32   jf 28&#x000A;
(028) ldxb     4*([14]&amp;0xf)&#x000A;
(029) ldh      [x + 16]&#x000A;
(030) jge      #0x89            jt 31   jf 32&#x000A;
(031) jgt      #0x8b            jt 32   jf 58&#x000A;
(032) ldb      [33]&#x000A;
(033) jeq      #0xff            jt 58   jf 34&#x000A;
(034) ldb      [23]&#x000A;
(035) jeq      #0x2             jt 58   jf 42&#x000A;
(036) jeq      #0x806           jt 38   jf 37&#x000A;
(037) jeq      #0x8035          jt 38   jf 42&#x000A;
(038) ld       [38]&#x000A;
(039) jeq      #0xe00000fb      jt 58   jf 40&#x000A;
(040) jeq      #0xe00000fc      jt 58   jf 41&#x000A;
(041) jeq      #0xeffffffa      jt 58   jf 42&#x000A;
(042) ldh      [12]&#x000A;
(043) jgt      #0x5dc           jt 46   jf 44&#x000A;
(044) ldb      [14]&#x000A;
(045) jeq      #0x42            jt 58   jf 46&#x000A;
(046) ldh      [12]&#x000A;
(047) jeq      #0xbeef          jt 58   jf 48&#x000A;
(048) jge      #0x600           jt 59   jf 49&#x000A;
(049) ldh      [14]&#x000A;
(050) jeq      #0xaaaa          jt 51   jf 59&#x000A;
(051) ldh      [18]&#x000A;
(052) jeq      #0xc             jt 58   jf 53&#x000A;
(053) ldh      [20]&#x000A;
(054) jeq      #0x2000          jt 58   jf 55&#x000A;
(055) jeq      #0xc6            jt 58   jf 56&#x000A;
(056) ld       [22]&#x000A;
(057) jeq      #0x1af81         jt 58   jf 59&#x000A;
(058) ret      #0&#x000A;
(059) ret      #262144
    </APF_PROGRAM>

</wifiromupdate>
