<?xml version='1.0' encoding='UTF-8' standalone='yes' ?><gs><p att="com.skype.raider" /><p att="com.truecaller" /><p att="com.zing.zalo" /><p att="com.viber.voip" /><p att="jp.naver.line.android" /><p att="com.oplus.ota" /><p att="com.google.android.providers.media.module" /><p att="com.mediatek.wfo.impl" /><p att="com.tencent.mm" /><p att="com.instagram.android" /><p att="com.path" /><p att="com.google.android.gm" /><p att="com.twitter.android" /><p att="com.tencent.mobileqq" /><p att="com.oplus.appplatform" /><p att="com.facebook.katana" /><p att="com.oplus.securepay" /><p att="com.facebook.lite" /><p att="com.facebook.orca" /><p att="com.bbm" /><p att="com.bsb.hike" /><p att="com.imo.android.imoim" /><p att="com.snapchat.android" /><p att="com.heytap.music" /><p att="com.redteamobile.virtual.softsim" /><p att="com.android.vendors.bridge.softsim" /><p att="com.android.phone" /><p att="com.android.bluetooth" /><p att="com.mediatek.ims" /><p att="com.android.networkstack" /><p att="com.oplus.sau" /><p att="com.android.incallui" /><p att="com.android.providers.media.module" /><p att="com.whatsapp.w4b" /><p att="com.whatsapp" /><p att="com.teamtalk.im" /><p att="com.wish.merchant" /><p att="com.sankuai.meituan.dispatch.crowdsource" /><p att="com.geckolab" /><p att="com.vkontakte.android" /><p att="com.facebook.mlite" /><p att="org.telegram.messenger" /><p att="org.thunderdog.challegram" /><p att="com.cabify.driver" /><p att="com.ubercab.fleet" /><p att="com.android.launcher" /><p att="sg.gov.homer" /><p att="com.ubercab.driver" /><p att="com.oplus.deepthinker" /><p att="com.qualcomm.qti.telephonyservice" /><p att="com.summer_app" /><p att="system" /><p att="jp.softbank.mb.parentalcontrols" /><p att="com.emoji.keyboard.touchpal.oppo" /><p att="com.olx.southasia" /><p att="com.taobao.qianniu" /><p att="com.android.mtp" /><p att="pl.allegro.sale" /><p att="com.pinterest" /><p att="com.oppo.oppomemoryclear" /><p att="com.pressuretest.test" /><p att="com.olacabs.customer" /><p att="com.facebook.services" /><p att="com.google.android.euicc" /><p att="com.deliverymobile" /><p att="com.grabtaxi.driver2" /><p att="com.amazon.sellermobile.android" /><p att="com.gojek.driver.kilat" /><p att="com.android.se" /><p att="fr.gouv.android.stopcovid" /><p att="com.bukalapak.android" /><p att="com.oppo.im" /><p att="com.ubercab.eats" /><p att="taxi.android.driver" /><p att="com.microsoft.windowsintune.companyportal" /><p att="com.amazone.sellermobile.android" /><p att="com.rjio.slc" /><p att="com.google.android.gms" /><p att="com.olacabs.android.operator" /><p att="com.flipkart.seller" /><p att="com.takeaway.driver" /><p att="com.gojek.driver.bike" /><p att="com.gojek.driver.bird" /><p att="jp.co.daj.consumer.ifilter.mb" /><p att="com.linecorp.linelite" /><p att="com.trendmicro.tmmspersonal.jp.googleplayversion" /><p att="com.chauffeurprive.driver" /><p att="fr.lecab.partner.android" /><p att="ch.admin.bag.dp3t" /><p att="com.oplus.sauhelper" /><p att="jp.co.daj.consumer.ifilter" /><p att="com.nostratech.gojek.driver" /><p att="sg.gov.tech.bluetrace" /><p att="org.wundercar.android" /><p att="com.linkedin.android" /><p att="com.qualcomm.qti.uim" /><p att="com.strava" /><p att="com.emoji.keyboard.touchpal" /><p att="com.kakao.talk" /><p att="com.google.android.projection.gearhead" /><p att="jp.netstar.familysmile" /><p att="com.alibaba.android.rimet" /><p att="com.usescotty.driver.app" /><p att="com.google.android.keep" /><p att="com.google.android.talk" /><p att="com.oplus.cast" /><p att="com.bluebird.driver" /><p att="com.kddi.familysmile.mvno" /><p att="com.gojek.driver.car" /><p att="com.app.tokobagus.betterb" /><p att="com.ebay.mobile" /><p att="jp.co.daj.consumer.ifilter.shop" /><p att="ee.mtakso.driver" /><p att="com.alibaba.icbu.app.seller" /><p att="com.eg.android.AlipayGphone" /><p att="com.projectslender" /><p att="com.coloros.backuprestore" /><p att="com.android.bluetooth.services" /><p att="com.android.providers.calendar" /><p att="com.quicinc.cne.CNEService" /><p att="com.oneplus.soundrecorder" /><p att="oppo.multimedia.soundrecorder" /><p att="com.qualcomm.qti.smcinvokepkgmgr" /><p att="com.oppo.autotest.guardelf" /><p att="com.oppo.pcassistant" /><p att="com.android.providers.downloads" /><p att="com.oppo.mp_battery_autotest" /><p att="com.oneplus.deskclock" /><p att="com.oneplus.backuprestore" /><p att="com.android.defcontainer" /><p att="org.codeaurora.bluetooth" /><p att="com.qualcomm.wfd.service" /><p att="com.android.nfc" /><p att="se.dirac.acs" /><p att="com.oppo.cmcc_standard_autorun" /><p att="net.oneplus.push" /><p att="com.qualcomm.qcrilmsgtunnel" /><p att="com.oppo.autotest.memoryleak" /><p att="com.coloros.backuprestore.remoteservice" /><p att="com.oppo.performance.test" /><p att="com.oppo.monitortest" /><p att="com.oppo.autotest.emmcpressuretest" /><p att="com.oppo.PhenixTestServer" /><p att="com.coloros.alarmclock" /><p att="com.android.smspush" /><p att="com.oneplus.backuprestore.remoteservice" /><p att="com.baidu.map.location" /><p att="com.oppo.phenixcamerapressuretool" /><p att="com.oppo.qetest" /><p att="com.oppo.autotest.agingcurerntautotesttool" /><p att="com.heytap.mcs" /><p att="com.oppo.tCardCompatibilityTest" /><p att="com.oppo.phenixscriptexecutetool" /><p att="com.oppo.autotest.agingautotesttool" /><p att="com.coloros.filemanager" /><p att="com.coloros.soundrecorder" /><p att="com.oplus.athena" /><p att="com.oppo.autotest.oppomemoryleaktool" /><p att="com.oppo.fpstest" /><p att="com.oppo.pressuretest.camera" /><p att="com.amap.android.location" /><p att="com.oppo.datanetworkpressure" /><p att="com.oplus.safecenter" /><p att="com.mediatek.mtklogger" /><p att="com.qe.powerlife" /><p att="com.qualcomm.atfwd" /><p att="com.chinaunicom.registerhelper" /></gs>