<?xml version="1.0" encoding="UTF-8"?>
<filter-conf>
    <version>20241221</version>
    <isOpen>1</isOpen>
    <filter-name>sys_alarm_filterpackages_list</filter-name>

    <AlignInterval>5</AlignInterval>
    <AlignIntervalForBlack>30</AlignIntervalForBlack>
    <AlignFirstDelay>0</AlignFirstDelay>

    <UidWhiteArray>1000</UidWhiteArray>
    <UidWhiteArray>1001</UidWhiteArray>

    <KeyArray>clock</KeyArray>
    <KeyArray>alarm</KeyArray>
    <KeyArray>calendar</KeyArray>

    <!--PkgWhiteArray Align wake-up whitelist-->
    <PkgWhiteArray>com.android.cts.app</PkgWhiteArray>
    <PkgWhiteArray>com.android.cts.stub</PkgWhiteArray>
    <PkgWhiteArray>com.android.deskclock</PkgWhiteArray>
    <PkgWhiteArray>com.android.mms</PkgWhiteArray>
    <PkgWhiteArray>oppo.multimedia.soundrecorder</PkgWhiteArray>
    <PkgWhiteArray>com.coloros.soundrecorder</PkgWhiteArray>
    <PkgWhiteArray>com.android.providers.calendar</PkgWhiteArray>
    <PkgWhiteArray>com.oppo.music</PkgWhiteArray>
    <PkgWhiteArray>com.heytap.music</PkgWhiteArray>
    <PkgWhiteArray>com.nearme.note</PkgWhiteArray>
    <PkgWhiteArray>com.coloros.note</PkgWhiteArray>
    <PkgWhiteArray>com.oneplus.note</PkgWhiteArray>	
    <PkgWhiteArray>com.oppo.backuprestore</PkgWhiteArray>
    <PkgWhiteArray>com.coloros.backuprestore</PkgWhiteArray>
    <PkgWhiteArray>com.oppo.weather</PkgWhiteArray>
    <PkgWhiteArray>com.coloros.weather</PkgWhiteArray>
    <PkgWhiteArray>com.coloros.weather2</PkgWhiteArray>
    <PkgWhiteArray>com.mobiletools.systemhelper</PkgWhiteArray>
    <PkgWhiteArray>com.oppo.community</PkgWhiteArray>
    <PkgWhiteArray>com.nearme.themespace</PkgWhiteArray>
    <PkgWhiteArray>com.nearme.themestore</PkgWhiteArray>
    <PkgWhiteArray>com.heytap.themestore</PkgWhiteArray>
    <PkgWhiteArray>com.oplus.themestore</PkgWhiteArray>
    <PkgWhiteArray>com.android.keyguard</PkgWhiteArray>
    <PkgWhiteArray>com.coloros.video</PkgWhiteArray>
    <PkgWhiteArray>com.oppo.ota</PkgWhiteArray>
    <PkgWhiteArray>com.nearme.romupdate</PkgWhiteArray>
    <PkgWhiteArray>com.oppo.market</PkgWhiteArray>
    <PkgWhiteArray>com.heytap.market</PkgWhiteArray>
    <PkgWhiteArray>com.android.browser</PkgWhiteArray>
    <PkgWhiteArray>com.heytap.browser</PkgWhiteArray>
    <PkgWhiteArray>com.google.android.keep</PkgWhiteArray>
    <PkgWhiteArray>droom.sleepIfUCan</PkgWhiteArray>
    <PkgWhiteArray>com.coloros.oppomorningsystem</PkgWhiteArray>
    <PkgWhiteArray>com.coloros.activation</PkgWhiteArray>
    <PkgWhiteArray>com.coloros.sau</PkgWhiteArray>
    <PkgWhiteArray>com.oppo.screenlock.pictorial</PkgWhiteArray>
    <PkgWhiteArray>com.coloros.appmanager</PkgWhiteArray>
    <PkgWhiteArray>com.oppo.service.account</PkgWhiteArray>
    <PkgWhiteArray>com.coloros.oshare</PkgWhiteArray>
    <PkgWhiteArray>com.oneplus.oshare</PkgWhiteArray>
    <PkgWhiteArray>com.coloros.assistantscreen</PkgWhiteArray>
    <PkgWhiteArray>com.coloros.sceneservice</PkgWhiteArray>
    <PkgWhiteArray>com.coloros.focusmode</PkgWhiteArray>
    <PkgWhiteArray>com.tencent.mm</PkgWhiteArray>
    <PkgWhiteArray>com.google.android.networkstack</PkgWhiteArray>
    <PkgWhiteArray>com.oplus.sauhelper</PkgWhiteArray>
    <PkgWhiteArray>com.android.systemui</PkgWhiteArray>
    <PkgWhiteArray>com.oplus.ota</PkgWhiteArray>
    <PkgWhiteArray>com.oplus.romupdate</PkgWhiteArray>
    <PkgWhiteArray>com.oplus.sau</PkgWhiteArray>
    <PkgWhiteArray>com.heytap.speechassist</PkgWhiteArray>
    <PkgWhiteArray>com.coloros.speechassist</PkgWhiteArray>
    <PkgWhiteArray>com.oplus.backuprestore</PkgWhiteArray>
    <PkgWhiteArray>com.oneplus.backuprestore</PkgWhiteArray>
    <PkgWhiteArray>net.oneplus.weather</PkgWhiteArray>
    <PkgWhiteArray>net.oneplus.launcher</PkgWhiteArray>
    <PkgWhiteArray>com.oneplus.membership</PkgWhiteArray>
    <PkgWhiteArray>com.oneplus.screenrecord</PkgWhiteArray>
    <PkgWhiteArray>net.oneplus.push</PkgWhiteArray>
    <PkgWhiteArray>com.oneplus.deskclock</PkgWhiteArray>
    <PkgWhiteArray>com.oneplus.brickmode</PkgWhiteArray>
    <PkgWhiteArray>com.realme.wellbeing</PkgWhiteArray> <!--realme 睡眠胶囊-->
    <PkgWhiteArray>com.realme.smartdrive</PkgWhiteArray> <!--realme 骑手模式-->

    <!--AlignWhiteArray The following is aligned to the 5-minute whitelist-->
    <AlignWhiteArray>com.google.android.gms</AlignWhiteArray>
    <AlignWhiteArray>com.pressuretest.test</AlignWhiteArray>
    <AlignWhiteArray>com.taobao.qianniu</AlignWhiteArray>
    <AlignWhiteArray>com.google.android.gsf</AlignWhiteArray>
    <AlignWhiteArray>com.kuaidi.daijia.driver</AlignWhiteArray>
    <AlignWhiteArray>com.sdu.didi.gsui</AlignWhiteArray>
    <AlignWhiteArray>com.sdu.didi.gui</AlignWhiteArray>
    <AlignWhiteArray>com.duoduo.vip.taxi</AlignWhiteArray>
    <AlignWhiteArray>com.ubercab.driver</AlignWhiteArray>
    <AlignWhiteArray>net.zdsoft.taxiclient2</AlignWhiteArray>
    <AlignWhiteArray>cn.edaijia.android.driverclient</AlignWhiteArray>
    <AlignWhiteArray>com.yongche</AlignWhiteArray>
    <AlignWhiteArray>com.funcity.taxi.driver</AlignWhiteArray>
    <AlignWhiteArray>com.hn.client.driver</AlignWhiteArray>
    <AlignWhiteArray>com.joyskim.taxis_driver</AlignWhiteArray>
    <AlignWhiteArray>com.anyimob.taxi</AlignWhiteArray>
    <AlignWhiteArray>com.eastedge.taxidriverforpad</AlignWhiteArray>
    <AlignWhiteArray>com.oppo.im</AlignWhiteArray>
    <AlignWhiteArray>com.sankuai.meituan.dispatch.homebrew</AlignWhiteArray>
    <AlignWhiteArray>com.baidu.lbs.waimai.baidurider</AlignWhiteArray>
    <AlignWhiteArray>com.oppo.wearable</AlignWhiteArray>
    <AlignWhiteArray>com.oppo.wearable.oclick2</AlignWhiteArray>
    <AlignWhiteArray>com.oppo.pcassistant</AlignWhiteArray>
    <AlignWhiteArray>com.qe.powerlife</AlignWhiteArray>
    <AlignWhiteArray>com.oppo.qetest</AlignWhiteArray>
    <AlignWhiteArray>com.oppo.tool</AlignWhiteArray>
    <AlignWhiteArray>com.oppo.qemonitor</AlignWhiteArray>
    <AlignWhiteArray>com.oppo.PhenixTestServer</AlignWhiteArray>
    <AlignWhiteArray>com.oppo.pressuretest.camera</AlignWhiteArray>
    <AlignWhiteArray>com.oppo.performance.test</AlignWhiteArray>
    <AlignWhiteArray>com.oppo.mp_battery_autotest</AlignWhiteArray>
    <AlignWhiteArray>com.oppo.autotest.oppomemoryleaktool</AlignWhiteArray>
    <AlignWhiteArray>com.oppo.autotest.agingautotesttool</AlignWhiteArray>
    <AlignWhiteArray>com.oppo.autotest.guardelf</AlignWhiteArray>
    <AlignWhiteArray>com.oppo.batterymetertool</AlignWhiteArray>
    <AlignWhiteArray>com.oppo.autotest.memoryleak</AlignWhiteArray>
    <AlignWhiteArray>com.oppo.monitortest</AlignWhiteArray>
    <AlignWhiteArray>com.oppo.autotest.emmcpressuretest</AlignWhiteArray>
    <AlignWhiteArray>com.oppo.tCardCompatibilityTest</AlignWhiteArray>
    <AlignWhiteArray>com.oppo.datanetworkpressure</AlignWhiteArray>
    <AlignWhiteArray>com.oppo.fpstest</AlignWhiteArray>
    <AlignWhiteArray>com.sohu.inputmethod.sogou</AlignWhiteArray>
    <AlignWhiteArray>com.anddoes.launcher</AlignWhiteArray>
    <AlignWhiteArray>com.mobint.hololauncher</AlignWhiteArray>
    <AlignWhiteArray>com.teslacoilsw.launcher</AlignWhiteArray>
    <AlignWhiteArray>com.google.android.apps.plus</AlignWhiteArray>
    <AlignWhiteArray>com.google.android.talk</AlignWhiteArray>
    <AlignWhiteArray>com.kakao.talk</AlignWhiteArray>
    <AlignWhiteArray>com.linkedin.android</AlignWhiteArray>
    <AlignWhiteArray>com.myspace.spacerock</AlignWhiteArray>
    <AlignWhiteArray>com.path</AlignWhiteArray>
    <AlignWhiteArray>com.pinterest</AlignWhiteArray>
    <AlignWhiteArray>com.skype.raider</AlignWhiteArray>
    <AlignWhiteArray>com.skype.rover</AlignWhiteArray>
    <AlignWhiteArray>com.snapchat.android</AlignWhiteArray>
    <AlignWhiteArray>com.quoord.tapatalkpro.activity</AlignWhiteArray>
    <AlignWhiteArray>org.telegram.messenger</AlignWhiteArray>
    <AlignWhiteArray>org.thunderdog.challegram</AlignWhiteArray>
    <AlignWhiteArray>com.tinder</AlignWhiteArray>
    <AlignWhiteArray>com.tumblr</AlignWhiteArray>
    <AlignWhiteArray>com.twitter.android</AlignWhiteArray>
    <AlignWhiteArray>co.vine.android</AlignWhiteArray>
    <AlignWhiteArray>com.vkontakte.android</AlignWhiteArray>
    <AlignWhiteArray>com.yahoo.mobile.client.android.im</AlignWhiteArray>
    <AlignWhiteArray>com.zing.zalo</AlignWhiteArray>
    <AlignWhiteArray>com.beetalk</AlignWhiteArray>
    <AlignWhiteArray>ru.mail</AlignWhiteArray>
    <AlignWhiteArray>com.oovoo</AlignWhiteArray>
    <AlignWhiteArray>kr.co.vcnc.android.couple</AlignWhiteArray>
    <AlignWhiteArray>de.avm.android.fritzapp</AlignWhiteArray>
    <AlignWhiteArray>com.jb.gosms</AlignWhiteArray>
    <AlignWhiteArray>com.jb.zerosms</AlignWhiteArray>
    <AlignWhiteArray>factory.widgets.SenseClock</AlignWhiteArray>
    <AlignWhiteArray>mohammad.adib.sidebar.lite</AlignWhiteArray>
    <AlignWhiteArray>com.droid27.transparentclockweather</AlignWhiteArray>
    <AlignWhiteArray>com.devexpert.weather</AlignWhiteArray>
    <AlignWhiteArray>com.acmeaom.android.myradar</AlignWhiteArray>
    <AlignWhiteArray>com.handmark.expressweather</AlignWhiteArray>
    <AlignWhiteArray>factory.widgets.ThreeDDigitalWeatherClock</AlignWhiteArray>
    <AlignWhiteArray>com.accuweather.android</AlignWhiteArray>
    <AlignWhiteArray>com.mobilityflow.animatedweather.free</AlignWhiteArray>
    <AlignWhiteArray>com.weather.Weather</AlignWhiteArray>
    <AlignWhiteArray>com.citc.weather</AlignWhiteArray>
    <AlignWhiteArray>com.aws.android</AlignWhiteArray>
    <AlignWhiteArray>com.yahoo.mobile.client.android.weather</AlignWhiteArray>
    <AlignWhiteArray>com.usnaviguide.radar_now</AlignWhiteArray>
    <AlignWhiteArray>org.kman.AquaMail</AlignWhiteArray>
    <AlignWhiteArray>com.google.android.gm</AlignWhiteArray>
    <AlignWhiteArray>com.yahoo.mobile.client.android.mail</AlignWhiteArray>
    <AlignWhiteArray>ru.mail.my</AlignWhiteArray>
    <AlignWhiteArray>ru.ok.android</AlignWhiteArray>
    <AlignWhiteArray>ru.mail.mailapp</AlignWhiteArray>
    <AlignWhiteArray>com.clearchannel.iheartradio.controller</AlignWhiteArray>
    <AlignWhiteArray>com.spotify.mobile.android.ui</AlignWhiteArray>
    <AlignWhiteArray>tunein.player</AlignWhiteArray>
    <AlignWhiteArray>net.zedge.android</AlignWhiteArray>
    <AlignWhiteArray>com.oppo.activation</AlignWhiteArray>
    <AlignWhiteArray>com.oppo.launcher</AlignWhiteArray>
    <AlignWhiteArray>com.oppo.oppomemoryclear</AlignWhiteArray>
    <AlignWhiteArray>com.pandora.android</AlignWhiteArray>
    <AlignWhiteArray>com.ubercab</AlignWhiteArray>
    <AlignWhiteArray>com.olacabs.customer</AlignWhiteArray>
    <AlignWhiteArray>com.myteksi.passenger</AlignWhiteArray>
    <AlignWhiteArray>com.grabtaxi.passenger</AlignWhiteArray>
    <AlignWhiteArray>com.nuance.swype.oppo</AlignWhiteArray>
    <AlignWhiteArray>com.emoji.keyboard.touchpal</AlignWhiteArray>
    <AlignWhiteArray>com.android.email</AlignWhiteArray>
    <AlignWhiteArray>com.truecaller</AlignWhiteArray>
    <AlignWhiteArray>com.truecaller.phoneapp</AlignWhiteArray>
    <AlignWhiteArray>com.truecaller.messenger</AlignWhiteArray>
    <AlignWhiteArray>com.jb.emoji.gokeyboard</AlignWhiteArray>
    <AlignWhiteArray>com.lenovo.anyshare.gps</AlignWhiteArray>
    <AlignWhiteArray>cn.xender</AlignWhiteArray>
    <AlignWhiteArray>com.facebook.services</AlignWhiteArray>
    <AlignWhiteArray>com.tencent.mm</AlignWhiteArray>

    <AlignEnforcedWhiteArray>com.android.bluetooth</AlignEnforcedWhiteArray>
    <AlignEnforcedWhiteArray>com.android.bluetooth.services</AlignEnforcedWhiteArray>
    <AlignEnforcedWhiteArray>org.thoughtcrime.securesms</AlignEnforcedWhiteArray>

    <!--FilterPackagesArray The following is a one-click clear alarm whitelist-->	
    <FilterPackagesArray>com.oppo.alarmclock</FilterPackagesArray>
    <FilterPackagesArray>com.coloros.alarmclock</FilterPackagesArray>
    <FilterPackagesArray>com.android.calendar</FilterPackagesArray>
    <FilterPackagesArray>com.android.mms</FilterPackagesArray>
    <FilterPackagesArray>com.android.settings</FilterPackagesArray>
    <FilterPackagesArray>com.oppo.market</FilterPackagesArray>
    <FilterPackagesArray>com.heytap.market</FilterPackagesArray>
    <FilterPackagesArray>com.oppo.mms</FilterPackagesArray>
    <FilterPackagesArray>com.nearme.note</FilterPackagesArray>
    <FilterPackagesArray>com.coloros.note</FilterPackagesArray>
    <FilterPackagesArray>com.oneplus.note</FilterPackagesArray>
    <FilterPackagesArray>com.oppo.ota</FilterPackagesArray>
    <FilterPackagesArray>com.coloros.ota</FilterPackagesArray>
    <FilterPackagesArray>com.nearme.statistics.rom</FilterPackagesArray>
    <FilterPackagesArray>android</FilterPackagesArray>
    <FilterPackagesArray>com.nearme.feedback</FilterPackagesArray>
    <FilterPackagesArray>com.coloros.feedback</FilterPackagesArray>
    <FilterPackagesArray>com.oppo.ubeauty</FilterPackagesArray>
    <FilterPackagesArray>com.systen.tongjiqi</FilterPackagesArray>
    <FilterPackagesArray>com.keke.otginstall</FilterPackagesArray>
    <FilterPackagesArray>com.keke.otginstall.aid</FilterPackagesArray>
    <FilterPackagesArray>com.oppo.saus</FilterPackagesArray>
    <FilterPackagesArray>com.nearme.gamecenter</FilterPackagesArray>
    <FilterPackagesArray>com.heytap.gamecenter</FilterPackagesArray>
    <FilterPackagesArray>com.oppo.scratch</FilterPackagesArray>
    <FilterPackagesArray>com.coloros.scratch</FilterPackagesArray>
    <FilterPackagesArray>oppo.multimedia.soundrecorder</FilterPackagesArray>
    <FilterPackagesArray>com.coloros.soundrecorder</FilterPackagesArray>
    <FilterPackagesArray>com.oppo.holidaymode</FilterPackagesArray>
    <FilterPackagesArray>com.oppo.reader</FilterPackagesArray>
    <FilterPackagesArray>com.heytap.reader</FilterPackagesArray>
    <FilterPackagesArray>com.oppo.themespace</FilterPackagesArray>
    <FilterPackagesArray>com.android.browser</FilterPackagesArray>
    <FilterPackagesArray>com.heytap.browser</FilterPackagesArray>
    <FilterPackagesArray>com.coloros.oppomorningsystem</FilterPackagesArray>
    <FilterPackagesArray>com.oppo.backuprestore</FilterPackagesArray>
    <FilterPackagesArray>com.coloros.backuprestore</FilterPackagesArray>
    <FilterPackagesArray>com.nearme.gamecenter.platformgame.master</FilterPackagesArray>
    <FilterPackagesArray>com.heytap.gamecenter.platformgame.master</FilterPackagesArray>
    <FilterPackagesArray>com.oppo.filemanager</FilterPackagesArray>
    <FilterPackagesArray>com.coloros.filemanager</FilterPackagesArray>
    <FilterPackagesArray>com.android.engineeringmode</FilterPackagesArray>
    <FilterPackagesArray>com.oppo.engineermode</FilterPackagesArray>
    <FilterPackagesArray>com.oppo.usercenter</FilterPackagesArray>
    <FilterPackagesArray>com.heytap.usercenter</FilterPackagesArray>
    <FilterPackagesArray>com.zdworks.android.zdclock</FilterPackagesArray>
    <FilterPackagesArray>com.oppo.leather</FilterPackagesArray>
    <FilterPackagesArray>com.coloros.leather</FilterPackagesArray>
    <FilterPackagesArray>com.nearme.themespace</FilterPackagesArray>
    <FilterPackagesArray>com.nearme.themestore</FilterPackagesArray>
    <FilterPackagesArray>com.heytap.themestore</FilterPackagesArray>
    <FilterPackagesArray>com.oplus.themestore</FilterPackagesArray>
    <FilterPackagesArray>com.coloros.clear</FilterPackagesArray>
    <FilterPackagesArray>com.oppo.gallery3d</FilterPackagesArray>
    <FilterPackagesArray>com.coloros.gallery3d</FilterPackagesArray>
    <FilterPackagesArray>com.nearme.romupdate</FilterPackagesArray>
    <FilterPackagesArray>com.android.providers.calendar</FilterPackagesArray>
    <FilterPackagesArray>com.coloros.sau</FilterPackagesArray>
    <FilterPackagesArray>com.coloros.safe.service.framework</FilterPackagesArray>
    <FilterPackagesArray>com.android.contacts</FilterPackagesArray>
    <FilterPackagesArray>com.coloros.cloud</FilterPackagesArray>
    <FilterPackagesArray>com.heytap.cloud</FilterPackagesArray>
    <FilterPackagesArray>com.coloros.video</FilterPackagesArray>
    <FilterPackagesArray>com.oppo.community</FilterPackagesArray>
    <FilterPackagesArray>com.ted.number</FilterPackagesArray>
    <FilterPackagesArray>com.coloros.number</FilterPackagesArray>
    <FilterPackagesArray>com.nearme.ocloud</FilterPackagesArray>
    <FilterPackagesArray>com.nearme.sync</FilterPackagesArray>
    <FilterPackagesArray>com.coloros.securepay</FilterPackagesArray>
    <FilterPackagesArray>com.coloros.childrenspace</FilterPackagesArray>
    <FilterPackagesArray>com.coloros.activation</FilterPackagesArray>
    <FilterPackagesArray>com.android.cellbroadcastreceiver</FilterPackagesArray>
    <FilterPackagesArray>com.qualcomm.qti.modemtestmode</FilterPackagesArray>
    <FilterPackagesArray>com.dropboxchmod</FilterPackagesArray>
    <FilterPackagesArray>com.coloros.wirelesssettings</FilterPackagesArray>
    <FilterPackagesArray>com.nearme.instant.platform</FilterPackagesArray>
    <FilterPackagesArray>com.heytap.instant.platform</FilterPackagesArray>
    <FilterPackagesArray>com.coloros.safecenter</FilterPackagesArray>
    <FilterPackagesArray>com.coloros.focusmode</FilterPackagesArray>
    <FilterPackagesArray>com.coloros.videoeditor</FilterPackagesArray>
    <FilterPackagesArray>com.heytap.health</FilterPackagesArray>
    <FilterPackagesArray>com.coloros.eyeprotect</FilterPackagesArray>
	<FilterPackagesArray>com.oppo.cota</FilterPackagesArray>
    <FilterPackagesArray>com.coloros.weather.service</FilterPackagesArray>
    <FilterPackagesArray>com.oplus.cota</FilterPackagesArray>
    <FilterPackagesArray>com.oplus.ota</FilterPackagesArray>
    <FilterPackagesArray>com.oplus.sau</FilterPackagesArray>
    <FilterPackagesArray>com.oplus.romupdate</FilterPackagesArray>
    <FilterPackagesArray>com.oplus.securepay</FilterPackagesArray>
    <FilterPackagesArray>com.oplus.wirelesssettings</FilterPackagesArray>
    <FilterPackagesArray>com.oplus.uxdesign</FilterPackagesArray>
    <FilterPackagesArray>com.oplus.eyeprotect</FilterPackagesArray>
    <FilterPackagesArray>com.oplus.sauhelper</FilterPackagesArray>
    <FilterPackagesArray>com.oplus.athena</FilterPackagesArray>
    <FilterPackagesArray>com.oplus.apprecover</FilterPackagesArray>
    <FilterPackagesArray>com.realme.wellbeing</FilterPackagesArray>
    <FilterPackagesArray>com.oplus.battery</FilterPackagesArray>
    <FilterPackagesArray>com.android.providers.media</FilterPackagesArray>
    <FilterPackagesArray>com.oplus.backuprestore</FilterPackagesArray>
    <FilterPackagesArray>com.oneplus.backuprestore</FilterPackagesArray>
    <FilterPackagesArray>com.oneplus.membership</FilterPackagesArray>
    <FilterPackagesArray>com.oneplus.account</FilterPackagesArray>
    <FilterPackagesArray>com.oplus.vip</FilterPackagesArray>
    <FilterPackagesArray>com.heytap.vip</FilterPackagesArray>
	<FilterPackagesArray>com.oplus.gtmode</FilterPackagesArray><!--realme gtmode-->
</filter-conf>