<?xml version="1.0" encoding="UTF-8"?>
<filter-conf>
    <version>20220221</version>
    <versioncode>20220627</versioncode>
    <isOpen>1</isOpen>
    <filter-name>sys_deviceidle_whitelist</filter-name>
    <wl>com.android.launcher</wl>
    <wl>com.android.providers.telephony</wl>
    <wl>com.google.android.googlequicksearchbox</wl>
    <wl>com.android.providers.calendar</wl>
    <wl>com.coloros.alarmclock</wl>
    <wl>com.android.providers.media</wl>
    <wl>com.google.android.onetimeinitializer</wl>
    <wl>org.simalliance.openmobileapi.service</wl>
    <wl>com.android.documentsui</wl>
    <wl>com.android.externalstorage</wl>
    <wl>com.android.htmlviewer</wl>
    <wl>com.android.mms.service</wl>
    <wl>com.android.providers.downloads</wl>
    <wl>com.google.android.configupdater</wl>
    <wl>com.android.soundrecorder</wl>
    <wl>com.android.defcontainer</wl>
    <wl>com.android.providers.downloads.ui</wl>
    <wl>com.android.vending</wl>
    <wl>com.android.pacprocessor</wl>
    <wl>com.android.certinstaller</wl>
    <wl>android</wl>
    <wl>com.android.contacts</wl>
    <wl>com.android.mms</wl>
    <wl>com.android.stk</wl>
    <wl>com.google.android.gm</wl>
    <wl>com.android.calendar</wl>
    <wl>com.google.android.setupwizard</wl>
    <wl>com.android.providers.settings</wl>
    <wl>com.android.sharedstoragebackup</wl>
    <wl>com.google.android.music</wl>
    <wl>com.android.printspooler</wl>
    <wl>com.android.incallui</wl>
    <wl>com.android.inputdevices</wl>
    <wl>com.google.android.apps.docs</wl>
    <wl>com.google.android.apps.maps</wl>
    <wl>com.android.cellbroadcastreceiver</wl>
    <wl>com.android.server.telecom</wl>
    <wl>com.google.android.syncadapters.contacts</wl>
    <wl>com.android.keychain</wl>
    <wl>com.android.keyguard</wl>
    <wl>com.android.chrome</wl>
    <wl>com.google.android.packageinstaller</wl>
    <!-- <wl>com.google.android.gms</wl>
    <wl>com.google.android.gsf</wl> -->
    <wl>com.google.android.tts</wl>
    <wl>com.google.android.partnersetup</wl>
    <wl>com.google.android.videos</wl>
    <wl>com.android.proxyhandler</wl>
    <!-- <wl>com.google.android.feedback</wl> -->
    <wl>com.google.android.apps.photos</wl>
    <wl>com.google.android.syncadapters.calendar</wl>
    <wl>com.android.managedprovisioning</wl>
    <wl>com.android.providers.partnerbookmarks</wl>
    <wl>com.google.android.gsf.login</wl>
    <wl>com.android.smspush</wl>
    <wl>com.google.android.backuptransport</wl>
    <wl>com.android.settings</wl>
    <wl>com.android.calculator2</wl>
    <wl>com.android.vpndialogs</wl>
    <wl>com.android.phone</wl>
    <wl>com.android.shell</wl>
    <wl>com.android.providers.userdictionary</wl>
    <wl>com.android.deskclock</wl>
    <wl>com.android.systemui</wl>
    <wl>com.android.bluetooth</wl>
    <wl>com.android.providers.contacts</wl>
    <wl>com.android.captiveportallogin</wl>
    <wl>com.google.android.inputmethod.latin</wl>
    <wl>com.oppoex.afterservice</wl>
    <wl>com.oplus.romupdate</wl>
    <!-- <wl>com.nearme.statistics.rom</wl> -->
    <wl>com.oplus.sau</wl>
    <wl>com.oplus.ota</wl>
    <wl>com.oplus.trafficmonitor</wl>
    <wl>com.nearme.feedback1</wl>
    <wl>com.nearme.sync</wl>
    <wl>com.oplus.wirelesssettings</wl>
    <wl>com.coloros.activation</wl>
    <wl>com.heytap.market</wl>
    <wl>com.nearme.gamecenter</wl>
    <wl>com.heytap.gamecenter</wl>
    <wl>com.android.browser</wl>
    <!-- <wl>com.heytap.browser</wl> -->
    <wl>com.coloros.browser</wl>
    <wl>com.nearme.browser</wl>
    <wl>com.android.backupconfirm</wl>
    <wl>com.android.dreams.basic</wl>
    <wl>com.google.android.webview</wl>
    <wl>com.google.android.talk</wl>
    <wl>com.android.email</wl>
    <wl>com.android.location.fused</wl>
    <wl>com.android.exchange</wl>
    <wl>org.telegram.messenger</wl>
    <wl>org.thunderdog.challegram</wl>
    <wl>jp.naver.line.android</wl>
    <wl>com.instagram.android</wl>
    <wl>com.zing.zalo</wl>
    <wl>com.jb.gosms</wl>
    <wl>com.yeecall.app</wl>
    <wl>com.linecorp.linelite</wl>
    <wl>com.revesoft.itelmobiledialer.dialer</wl>
    <wl>com.discord</wl>
    <wl>com.path</wl>
    <wl>com.tumblr</wl>
    <wl>com.linkedin.android</wl>
    <wl>com.askfm</wl>
    <wl>com.myyearbook.m</wl>
    <wl>com.weheartit</wl>
    <wl>com.viettel.mocha.app</wl>
    <wl>com.rediff.mail.and</wl>
    <wl>com.telepacket.tpsmart</wl>
    <wl>com.alibaba.mobileim</wl>
    <wl>finarea.mobilevoip</wl>
    <wl>com.rts.ic.ym</wl>
    <wl>mong.moptt</wl>
    <wl>in.mohalla.sharechat</wl>
    <wl>com.camshare.camfrog.android</wl>
    <wl>com.facebook.katana</wl>
    <wl>com.jiochat.jiochatapp</wl>
    <wl>chat.ola.vn</wl>
    <wl>com.tencent.mobileqq</wl>
    <wl>com.google.android.apps.plus</wl>
    <wl>com.beetalk.app.mm</wl>
    <wl>com.igg.android.im</wl>
    <wl>com.sina.weibo</wl>
    <wl>com.tencent.mobileqqi</wl>
    <wl>com.whatsapp</wl>
    <wl>com.tencent.mm</wl>
    <wl>com.baidu.map.location</wl>
    <wl>com.amap.android.location</wl>
    <wl>com.coloros.musiclink</wl>
    <wl>com.alibaba.android.rimet</wl>
    <wl>com.heytap.pictorial</wl>
    <!-- <wl>com.heytap.mcs</wl> -->
    <wl>com.heytap.cloud</wl>
    <wl>com.taobao.qianniu</wl>
    <wl>com.coloros.safecenter</wl>
    <wl>com.tencent.wework</wl>
    <wl>com.oppo.im</wl>
    <wl>com.kuaidi.daijia.driver</wl>
    <wl>com.sdu.didi.gsui</wl>
    <wl>com.sdu.didi.gui</wl>
    <wl>com.duoduo.vip.taxi</wl>
    <wl>com.ubercab.driver</wl>
    <wl>cn.edaijia.android.driverclient</wl>
    <wl>com.funcity.taxi.driver</wl>
    <wl>com.hn.client.driver</wl>
    <wl>com.joyskim.taxis_driver</wl>
    <wl>com.anyimob.taxi</wl>
    <wl>com.eastedge.taxidriverforpad</wl>
    <wl>com.sankuai.meituan.dispatch.homebrew</wl>
    <wl>com.baidu.lbs.waimai.baidurideri</wl>
    <wl>com.sankuai.meituan.meituanwaimaibusiness</wl>
    <wl>me.ele.napos</wl>
    <wl>com.chinaunicom.registerhelper</wl>
    <wl>com.mobiletools.systemhelper</wl>
    <wl>com.xtc.watch</wl>
    <wl>com.cxyw.suyun.ui</wl>
    <wl>com.coloros.calendar</wl>
    <wl>com.nearme.instant.platform</wl>
    <wl>com.heytap.instant.platform</wl>
    <wl>com.heytap.themestore</wl>
    <wl>com.oppo.usercenter</wl>
    <wl>com.heytap.usercenter</wl>
    <wl>com.heytap.smarthome</wl>
    <wl>com.cttl.testService</wl>
    <wl>com.cttl.gprsdata</wl>
    <wl>com.cttl.sendmmsbyjar</wl>
    <wl>com.coloros.videoeditor</wl>
    <wl>sg.gov.tech.bluetrace</wl>
    <wl>fr.gouv.android.stopcovid</wl>
    <wl>covid.trace.morocco</wl>
    <wl>sg.gov.homer</wl>
    <!-- <wl>com.heytap.health</wl> -->
    <wl>com.xunmeng.pinduoduo</wl>
    <wl>cn.xuexi.android</wl>
    <wl>com.coloros.smartlock</wl>
    <wl>com.finshell.wallet</wl>
    <wl>com.coloros.sharescreen</wl>
    <wl>com.oplus.sharescreen</wl>
    <wl>ch.admin.bag.dp3t</wl>
    <wl>com.coloros.backuprestore</wl>
    <wl>com.oplus.backuprestore</wl>
    <wl>com.heytap.accessory</wl>
    <wl>com.android.dlna.service</wl>
    <wl>com.heytap.cast</wl>
    <wl>com.oplus.cast</wl>
    <wl>com.heytap.synergy</wl>
    <wl>com.oplus.synergy</wl>
    <wl>com.realmestore.app</wl>
    <wl>com.realmecomm.app</wl>
    <wl>com.coloros.remoteguardservice</wl>
</filter-conf>
