<filter-conf>
<version>20240704</version>
<isOpen>1</isOpen>
<filter-name>sys_spring_overscroller_config_list</filter-name>
<white_new>spring_config(1000,4000,10000,0.12,2.5,2.5)</white_new>
<white_new>com.sina.weibo</white_new>
<white_new>bubei.tingshu</white_new>
<white_new>com.tencent.radio</white_new>
<white_new>fm.qingting.qtradio</white_new>
<white_new>com.changba</white_new>
<white_new>cmccwm.mobilemusic</white_new>
<white_new>com.tencent.qqmusic</white_new>
<white_new>com.ximalaya.ting.android</white_new>
<white_new>com.netease.cloudmusic</white_new>
<white_new>com.tencent.karaoke</white_new>
<white_new>com.kugou.android</white_new>
<white_new>com.ss.android.ugc.aweme</white_new>
<white_new>com.smile.gifmaker</white_new>
<white_new>com.tencent.qqlive</white_new>
<white_new>com.qiyi.video</white_new>
<white_new>com.kuaishou.nebula</white_new>
<white_new>com.youku.phone</white_new>
<white_new>com.ss.android.ugc.aweme.lite</white_new>
<white_new>com.tencent.weishi</white_new>
<white_new>com.ss.android.article.video</white_new>
<white_new>com.ss.android.ugc.live</white_new>
<white_new>com.baidu.haokan</white_new>
<white_new>tv.danmaku.bili</white_new>
<white_new>com.hunantv.imgo.activity</white_new>
<white_new>com.duowan.mobile</white_new>
<white_new>com.duowan.kiwi</white_new>
<white_new>air.tv.douyu.android</white_new>
<white_new>com.ss.android.article.news,webconfig{"type":"1","container":"com.ss.android.detail.feature.detail.view.v2.DetailScrollView"}</white_new>
<white_new>com.xingin.xhs</white_new>
<white_new>com.hipu.yidian</white_new>
<white_new>com.tencent.news</white_new>
<white_new>com.ss.android.article.lite,webconfig{"level":"0","type":"1","container":"com.ss.android.detail.feature.detail.view.DetailScrollView"}</white_new>
<white_new>com.jifen.qukan</white_new>
<white_new>cn.tech.weili.kankan</white_new>
<white_new>com.sina.news</white_new>
<white_new>com.tencent.news.lite</white_new>
<white_new>com.ifeng.news2</white_new>
<white_new>com.netease.newsreader.activity</white_new>
<white_new>com.coohua.xinwenzhuan</white_new>
<white_new>com.cashtoutiao</white_new>
<white_new>com.sina.weibolite</white_new>
<white_new>com.kmxs.reader</white_new>
<white_new>com.immomo.mread</white_new>
<white_new>com.esbook.reader</white_new>
<white_new>com.tencent.weread</white_new>
<white_new>com.hongxiu.app</white_new>
<white_new>com.dragon.read</white_new>
<white_new>com.ophone.reader.ui</white_new>
<white_new>com.baidu.yuedu</white_new>
<white_new>com.sogou.novel</white_new>
<white_new>com.wbxm.icartoon</white_new>
<white_new>com.naver.linewebtoon.cn</white_new>
<white_new>com.weibo.comic</white_new>
<white_new>com.comic.manhuatai</white_new>
<white_new>com.alibaba.android.rimet</white_new>
<white_new>cn.wps.moffice_eng</white_new>
<white_new>com.baidu.netdisk</white_new>
<white_new>com.tencent.androidqqmail</white_new>
<white_new>com.tencent.wework</white_new>
<white_new>com.netease.mail</white_new>
<white_new>cn.cj.pe</white_new>
<white_new>com.tencent.mobileqq</white_new>
<white_new>com.tencent.mm,webconfig{"view":"com.tencent.xweb.pinus.PSWebview","blackhost":"train.17u.cn"}</white_new>
<white_new>io.liuliu.music</white_new>
<white_new>com.zhenai.android</white_new>
<white_new>com.ifreetalk.ftalk</white_new>
<white_new>com.p1.mobile.putong</white_new>
<white_new>cn.soulapp.android</white_new>
<white_new>com.immomo.momo</white_new>
<white_new>com.welove520.qqsweet</white_new>
<white_new>com.yunzhan.liaobei</white_new>
<white_new>com.wzf.fan</white_new>
<white_new>com.tencent.qqlite</white_new>
<white_new>com.mosheng</white_new>
<white_new>im.chaoxin</white_new>
<white_new>com.zhihu.android</white_new>
<white_new>com.netease.gl</white_new>
<white_new>com.lofter.android</white_new>
<white_new>ctrip.android.view</white_new>
<white_new>com.Qunar</white_new>
<white_new>com.baidu.searchbox</white_new>
<white_new>com.android.chrome</white_new>
<white_new>com.UCMobile</white_new>
<white_new>com.tencent.mtt,webconfig{"view":"com.tencent.smtt.webkit.WebView|com.tencent.tbs.core.webkit.tencent.TencentWebViewProxy$InnerWebView"}</white_new>
<white_new>org.mozilla.firefox</white_new>
<white_new>com.baidu.searchbox.lite,webconfig{"view":"com.baidu.webkit.sdk.WebView"}</white_new>
<white_new>com.opera.browser</white_new>
<white_new>com.cootek.smartdialer</white_new>
<white_new>com.taobao.taobao</white_new>
<white_new>com.achievo.vipshop</white_new>
<white_new>com.taobao.idlefish</white_new>
<white_new>com.tmall.wireless</white_new>
<white_new>com.mogujie</white_new>
<white_new>com.mengtuiapp.mall</white_new>
<white_new>com.wuba.zhuanzhuan</white_new>
<white_new>com.husor.beidian</white_new>
<white_new>com.jf.lkrj</white_new>
<white_new>com.jingdong.app.mall</white_new>
<white_new>com.suning.mobile.ebuy</white_new>
<white_new>com.shizhuang.duapp</white_new>
<white_new>com.taobao.live</white_new>
<white_new>com.xunmeng.pinduoduo</white_new>
<white_new>com.sankuai.meituan</white_new>
<white_new>com.wuba</white_new>
<white_new>com.greenpoint.android.mc10086.activity</white_new>
<white_new>me.ele</white_new>
<white_new>com.sankuai.meituan.takeoutnew</white_new>
<white_new>com.sgcc.wsgw.cn</white_new>
<white_new>com.ct.client</white_new>
<white_new>com.pingan.carowner</white_new>
<white_new>com.yiche.autoeasy</white_new>
<white_new>com.cmbchina.ccd.pluto</white_new>
<white_new>com.dianping.v1</white_new>
<white_new>com.cubic.autohome</white_new>
<white_new>com.anjuke.android.app</white_new>
<white_new>com.wuba.town.client</white_new>
<white_new>com.ss.android.auto</white_new>
<white_new>com.kingpoint.gmcchh</white_new>
<white_new>net.evecom.android.mztapp</white_new>
<white_new>com.example.businesshall</white_new>
<white_new>com.ct.client</white_new>
<white_new>com.hpbr.bosszhipin</white_new>
<white_new>com.yiche.price</white_new>
<white_new>com.lianjia.beike</white_new>
<white_new>com.homelink.android</white_new>
<white_new>com.autonavi.minimap</white_new>
<white_new>com.baidu.BaiduMap</white_new>
<white_new>com.tmri.app.main</white_new>
<white_new>com.baidu.BaiduMap</white_new>
<white_new>com.sdu.didi.psnger</white_new>
<white_new>com.MobileTicket</white_new>
<white_new>com.jingyao.easybike</white_new>
<white_new>com.didapinche.booking</white_new>
<white_new>com.sdu.didi.gsui</white_new>
<white_new>com.huaxiaozhu.rider</white_new>
<white_new>com.ygkj.chelaile.standard</white_new>
<white_new>com.baidu.homework</white_new>
<white_new>com.jzzs</white_new>
<white_new>cn.xuexi.android</white_new>
<white_new>com.kuaiduizuoye.scan</white_new>
<white_new>com.duoduo.child.story</white_new>
<white_new>com.handsgo.jiakao.android</white_new>
<white_new>com.tal.tiku</white_new>
<white_new>com.fenbi.android.solar</white_new>
<white_new>com.A17zuoye.mobile.homework</white_new>
<white_new>com.jxedt</white_new>
<white_new>com.chaoxing.mobile</white_new>
<white_new>com.fenbi.android.leo</white_new>
<white_new>com.youdao.dict</white_new>
<white_new>com.mampod.ergedd</white_new>
<white_new>com.maiyatang.voice</white_new>
<white_new>com.pcncn.jj</white_new>
<white_new>com.android.bankabc</white_new>
<white_new>com.chinamworld.main</white_new>
<white_new>com.icbc</white_new>
<white_new>com.unionpay</white_new>
<white_new>com.yitong.mbank.psbc</white_new>
<white_new>com.chinamworld.bocmbci</white_new>
<white_new>com.cmbchina.ccd.pluto.cmbActivity</white_new>
<white_new>com.jd.jrapp</white_new>
<white_new>com.pingan.paces.ccms</white_new>
<white_new>com.pingan.lifeinsurance</white_new>
<white_new>com.chinatelecom.bestpayclient</white_new>
<white_new>com.bankcomm.maidanba</white_new>
<white_new>com.icbc.im</white_new>
<white_new>com.bankcomm.Bankcomm</white_new>
<white_new>com.qihoo.loan</white_new>
<white_new>com.vagsk.uvxx</white_new>
<white_new>com.mt.mtxx.mtxx</white_new>
<white_new>com.meitu.meiyancamera</white_new>
<white_new>com.campmobile.snowcamera</white_new>
<white_new>com.kwai.m2u</white_new>
<white_new>com.lemon.faceu</white_new>
<white_new>com.gorgeous.lite</white_new>
<white_new>com.kwai.videoeditor</white_new>
<white_new>com.benqu.wuta</white_new>
<white_new>com.tencent.zebra</white_new>
<white_new>com.teamtalk.im</white_new>
<white_new>com.google.android.youtube</white_new>
<white_new>app.revanced.android.youtube</white_new>
<white_new>com.android.chrome</white_new>
<white_new>com.facebook.katana</white_new>
<white_new>com.whatsapp</white_new>
<white_new>com.instagram.android</white_new>
<white_new>com.facebook.orca</white_new>
<white_new>com.ss.android.ugc.trill</white_new>
<white_new>com.facebook.lite</white_new>
<white_new>org.telegram.messenger</white_new>
<white_new>org.thunderdog.challegram</white_new>
<white_new>com.lazada.android</white_new>
<white_new>cn.wps.moffice_eng</white_new>
<white_new>com.snapchat.android</white_new>
<white_new>com.zhiliaoapp.musically</white_new>
<white_new>com.lemon.lvoverseas</white_new>
<white_new>com.truecaller</white_new>
<white_new>com.shopee.id</white_new>
<white_new>com.whatsapp.w4b</white_new>
<white_new>com.zhiliaoapp.musically.go</white_new>
<white_new>com.zing.zalo</white_new>
<white_new>com.google.android.apps.tachyon</white_new>
<white_new>com.google.android.apps.translate</white_new>
<white_new>com.mxtech.videoplayer.ad</white_new>
<white_new>com.grabtaxi.passenger</white_new>
<white_new>com.kwai.bulldog</white_new>
<white_new>com.pinterest</white_new>
<white_new>com.linkedin.android</white_new>
<white_new>free.tube.premium.advanced.tuber</white_new>
<white_new>com.zing.mp3</white_new>
<white_new>us.zoom.videomeetings</white_new>
<white_new>com.fintech.life</white_new>
<white_new>com.bca</white_new>
<white_new>premium.gotube.adblock.utube</white_new>
<white_new>com.zzkko</white_new>
<white_new>com.microsoft.office.word</white_new>
<white_new>com.shopee.ph</white_new>
<white_new>ru.zdevs.zarchiver</white_new>
<white_new>com.kwai.kuaishou.video.live</white_new>
<white_new>com.tokopedia.tkpd</white_new>
<white_new>com.daraz.android</white_new>
<white_new>com.shopee.th</white_new>
<white_new>com.bstar.intl</white_new>
<white_new>com.axis.net</white_new>
<white_new>com.andi.alquran.id</white_new>
<white_new>com.opera.mini.native</white_new>
<white_new>com.google.android.apps.youtube.kids</white_new>
<white_new>ridmik.keyboard</white_new>
<white_new>com.intsig.camscanner</white_new>
<white_new>com.booking</white_new>
<white_new>com.dywx.larkplayer</white_new>
<white_new>com.instagram.lite</white_new>
<white_new>com.google.android.deskclock</white_new>
<white_new>com.shopee.my</white_new>
<white_new>com.soundcloud.android</white_new>
<white_new>com.gamma.scan</white_new>
<white_new>com.google.android.apps.chromecast.app</white_new>
<white_new>com.vkontakte.android</white_new>
<white_new>shareit.lite</white_new>
<white_new>vsin.t16_funny_photo</white_new>
<white_new>ru.sberbankmobile</white_new>
<white_new>com.agoda.mobile.consumer</white_new>
<white_new>com.wildberries.ru</white_new>
<white_new>com.realme.link</white_new>
<white_new>com.shopee.vn</white_new>
<white_new>com.tencent.qqlivei18n</white_new>
<white_new>com.campmobile.snow</white_new>
<white_new>ru.yandex.searchplugin</white_new>
<white_new>com.epi</white_new>
<white_new>com.michatapp.im</white_new>
<white_new>com.jakarta.baca.lite</white_new>
<white_new>com.waze</white_new>
<white_new>com.google.android.apps.classroom</white_new>
<white_new>com.microsoft.office.outlook</white_new>
<white_new>com.einnovation.temu</white_new>
<white_new>com.transsion.phoenix</white_new>
<white_new>com.ubercab</white_new>
<white_new>com.google.android.apps.adm</white_new>
<white_new>com.dewmobile.kuaiya.play</white_new>
<white_new>com.ktb.customer.qr</white_new>
<white_new>e.books.reading.apps</white_new>
<white_new>com.bit.androsmart.kbinapp</white_new>
<white_new>com.dubox.drive</white_new>
<white_new>com.jrzheng.supervpnfree</white_new>
<white_new>com.microsoft.office.excel</white_new>
<white_new>com.yandex.browser</white_new>
<white_new>com.alibaba.intl.android.apps.poseidon</white_new>
<white_new>com.jazz.jazzworld</white_new>
<white_new>com.niksoftware.snapseed</white_new>
<white_new>com.opera.browser</white_new>
<white_new>com.adobe.reader</white_new>
<white_new>free.vpn.unblock.proxy.turbovpn</white_new>
<white_new>sg.bigo.live</white_new>
<white_new>com.google.android.apps.docs.editors.sheets</white_new>
<white_new>com.jeyluta.timestampcamerafree</white_new>
<white_new>com.domobile.applockwatcher</white_new>
<white_new>com.portonics.mygp</white_new>
<white_new>com.alibaba.aliexpresshd</white_new>
<white_new>com.camerasideas.instashot</white_new>
<white_new>com.vidio.android</white_new>
<white_new>com.orange.mobinilandme</white_new>
<white_new>com.picsart.studio</white_new>
<white_new>com.avito.android</white_new>
<white_new>com.realmecomm.app</white_new>
<white_new>pk.com.telenor.phoenix</white_new>
<white_new>com.global.foodpanda.android</white_new>
<white_new>asuk.com.android.app</white_new>
<white_new>com.rotha.calendar2015</white_new>
<white_new>com.cloudflare.onedotonedotonedotone</white_new>
<white_new>com.simppro.quran.offline</white_new>
<white_new>com.google.android.apps.photosgo</white_new>
<white_new>com.zong.customercare</white_new>
<white_new>co.brainly</white_new>
<white_new>ru.ozon.app.android</white_new>
<white_new>com.google.android.apps.searchlite</white_new>
<white_new>com.realmestore.app</white_new>
<white_new>com.google.android.apps.docs.editors.docs</white_new>
<white_new>ru.yandex.yandexmaps</white_new>
<white_new>com.google.android.apps.meetings</white_new>
<white_new>com.shazam.android</white_new>
<white_new>com.microsoft.office.powerpoint</white_new>
<white_new>gogolook.callgogolook2</white_new>
<white_new>com.microblink.photomath</white_new>
<white_new>com.nglreactnative</white_new>
<white_new>com.gorgeous.liteinternational</white_new>
<white_new>com.iqiyi.i18n</white_new>
<white_new>com.kwai.video</white_new>
<white_new>com.viu.phone</white_new>
<white_new>com.spbtv.mobilinktv</white_new>
<white_new>com.bpjstku</white_new>
<white_new>com.vnpay.bidv</white_new>
<white_new>org.iggymedia.periodtracker</white_new>
<white_new>com.ytv.pronew</white_new>
<white_new>com.linecorp.b612.android</white_new>
<white_new>com.alfamart.alfagift</white_new>
<white_new>ru.yandex.yandexnavi</white_new>
<white_new>com.mm.android.smartlifeiot</white_new>
<white_new>th.co.crie.tron2.android</white_new>
<white_new>com.qianfan.aihomework</white_new>
<white_new>com.imaginstudio.imagetools.pixellab</white_new>
<white_new>ru.mail.mailapp</white_new>
<white_new>wp.wattpad</white_new>
<white_new>com.truedevelopersstudio.automatictap.autoclicker</white_new>
<white_new>com.microsoft.office.officehubrow</white_new>
<white_new>com.linkit.bimatri</white_new>
<white_new>com.techlogix.mobilinkcustomer</white_new>
<white_new>com.socialnmobile.dictapps.notepad.color.note</white_new>
<white_new>com.yahoo.mobile.client.android.mail</white_new>
<white_new>com.masarat.salati</white_new>
<white_new>com.adobe.lrmobile</white_new>
<white_new>com.traveloka.android</white_new>
<white_new>org.videolan.vlc</white_new>
<white_new>com.simejikeyboard</white_new>
<white_new>com.starmakerinteractive.starmaker</white_new>
<white_new>com.yoosee</white_new>
<white_new>com.mt.mtxx.mtxx</white_new>
<white_new>com.google.android.apps.youtube.creator</white_new>
<white_new>com.finaccel.android</white_new>
<white_new>id.tix.android</white_new>
<white_new>com.snowcorp.stickerly.android</white_new>
<white_new>com.celcom.mycelcom</white_new>
<white_new>com.facebook.pages.app</white_new>
<white_new>com.videoeditorpro.android</white_new>
<white_new>com.macrovideo.v380pro</white_new>
<white_new>tiktok.video.downloader.nowatermark.tiktokdownload</white_new>
<white_new>com.duolingo</white_new>
<white_new>com.fyxtech.muslim</white_new>
<white_new>com.callapp.contacts</white_new>
<white_new>mm.com.wavemoney.wavepay</white_new>
<white_new>com.bd.nproject</white_new>
<white_new>com.cricbuzz.android</white_new>
<white_new>com.microsoft.skydrive</white_new>
<white_new>com.naver.linewebtoon</white_new>
<white_new>com.free.vpn.super.hotspot.open</white_new>
<white_new>com.commsource.beautyplus</white_new>
<white_new>io.faceapp</white_new>
<white_new>com.amazon.avod.thirdpartyclient</white_new>
<white_new>com.noon.buyerapp</white_new>
<white_new>com.psiphon3.subscription</white_new>
<white_new>com.shopee.tw</white_new>
<white_new>com.hdictionary.bn</white_new>
<white_new>com.tdcm.trueidapp</white_new>
<white_new>com.popularapp.periodcalendar</white_new>
<white_new>com.viettel.tv360</white_new>
<white_new>net.zedge.android</white_new>
<white_new>com.bpi.ng.app</white_new>
<white_new>com.krungsri.kma</white_new>
<white_new>com.merriamwebster</white_new>
<white_new>com.teacapps.barcodescanner</white_new>
<white_new>com.azure.authenticator</white_new>
<white_new>com.bplus.vtpay</white_new>
<white_new>mx.com.miapp</white_new>
<white_new>com.tencent.ibg.joox</white_new>
<white_new>com.AppRocks.now.prayer</white_new>
<white_new>com.ezviz</white_new>
<white_new>proxy.browser.unblock.sites.proxybrowser.unblocksites</white_new>
<white_new>com.yy.hiyo</white_new>
<white_new>com.eyecon.global</white_new>
<white_new>ru.nspk.mirpay</white_new>
<white_new>com.mm.android.DMSS</white_new>
<white_new>com.unionbankph.online</white_new>
<white_new>com.tencent.wesing</white_new>
<white_new>lds.cinema21</white_new>
<white_new>com.ziipin.softkeyboard.saudi</white_new>
<white_new>com.tinder</white_new>
<white_new>com.handmark.expressweather</white_new>
<white_new>com.mathpresso.qanda</white_new>
<white_new>sg.omi</white_new>
<white_new>com.rarlab.rar</white_new>
<white_new>ru.bpc.mobilebank.bpc</white_new>
<white_new>com.epf.main</white_new>
<white_new>advanced.scientific.calculator.calc991.plus</white_new>
<white_new>com.lenovo.anyshare.gps</white_new>
<white_new>com.netflix.mediaclient</white_new>
<white_new>com.twitter.android</white_new>
<white_new>com.snaptube.premium</white_new>
<white_new>com.imo.android.imoim</white_new>
<white_new>app.source.getcontact</white_new>
<white_new>com.microsoft.teams</white_new>
<white_new>com.pure.indosat.care</white_new>
<white_new>com.gojek.app</white_new>
<white_new>com.discord</white_new>
<white_new>com.happymod.apk</white_new>
<white_new>com.app.support.demo14</white_new>
<white_new>com.app.support.demo14_1</white_new>
<white_new>com.heytap.browser,webconfig{"mode":"2","view":"com.heytap.webview.kernel.KKWebView|com.heytap.webview.external.KKWebView"}</white_new>
<white_new>com.cat.readall,webconfig{}</white_new>
<white_new>mark.via,webconfig{}</white_new>
<white_new>sogou.mobile.explorer,webconfig{"view":"com.tencent.tbs.core.webkit.tencent.TencentWebViewProxy$InnerWebView"}</white_new>
</filter-conf>

