<?xml version="1.0" encoding="UTF-8"?>
<extend_features>
	<app_feature name="oplus.power.onwirelesscharger.support"/>
	<app_feature name="os.charge.settings.wirelesscharge.support"/>
	<app_feature name="oplus.power.wirelesschgwhenwired.support"/>
	<app_feature name="com.oplus.systemui.not_show_guide_dialog"/>
	<app_feature name="os.charge.settings.wirelesschargingcoil.position" args="float:0.4377"/>
	<app_feature name="com.oplus.humming_bird_enable"/>
	<app_feature name="os.charge.settings.wirelesscharging.power" args="int:50"/>
	<app_feature name="com.android.launcher.support_swipe_up_to_split" args="boolean:true"/>
	<app_feature name="com.oplus.battery.whitelist_vowifi" args="boolean:true"/>
	<app_feature name="os.graphic.gallery.os15_secrecy" args="boolean:true"/>
	<app_feature name="oplus.software.support_localsearch_llm" args="boolean:true"/>
	<app_feature name="oplus.appfeature.networkless_audiovolume_config" args="int:0"/>
	<app_feature name="com.oplus.feature.hq_doc_scan_enable" args="boolean:true"/>
	<app_feature name="com.android.launcher.packages_to_hide" args="StringList:pkgs">
		<StringList name="pkgs" args="com.redteamobile.roaming"/>
	</app_feature>
	<!--  -->
	<!-- <app_feature name="athena.kill.wait_low_mem_killed_app_exit" args="boolean:true"/> -->
	<!-- <app_feature name="com.android.systemui.disable_gms_core_dnd_interception" args="boolean:true"/> -->
	<!-- <app_feature name="com.android.phone.need_aggregation_network_lists_dynamic"/> -->
	<app_feature name="com.oplus.battery.enable_hidden_api_collect" args="boolean:true"/>
	<app_feature name="oplus.software.alwaysalive.enable" args="boolean:false"/>
	<!-- <app_feature name="com.oplus.systemui.fluid_seeding_settings_for_ex"/>
	<app_feature name="com.oplus.systemui.fluid_seeding_settings_for_india"/> -->
	<app_feature name="os.tool.midas" args="boolean:false"/>
	<app_feature name="os.tool.onetrace.performance.ood" args="boolean:false"/>
	<app_feature name="os.tool.onetrace.performance.ottrace" args="boolean:false"/>
	<app_feature name="os.tool.onetrace.thermal.metric" args="boolean:false"/>
	<app_feature name="os.tool.onetrace.thermal.detect" args="boolean:false"/>
	<app_feature name="os.tool.onetrace.thermal.ostats" args="boolean:false"/>
	<app_feature name="com.oplus.logkit.support_upload" args="boolean:false"/>
</extend_features>
<!-- Timestamp 2025-04-21T16:48:33 #be8c5cd6-182a-4af5-b055-601216d896ee -->
