<?xml version="1.0" encoding="UTF-8"?>
<oplus-config>
	<oplus-feature name="oplus.software.radio.apn_recovery"/>
	<oplus-feature name="oplus.software.radio.virtualmodem_support"/>
	<oplus-feature name="oplus.software.radio.sim_contacts_support"/>
	<oplus-feature name="oplus.software.radio.data_eval4"/>
	<oplus-feature name="oplus.software.radio.stuck_analyse"/>
	<oplus-feature name="oplus.software.radio.data_eval3"/>
	<oplus-feature name="oplus.software.radio.low_latency_mode_de3"/>
	<oplus-feature name="oplus.software.radio.smart5g_sa_enabled"/>
	<oplus-feature name="oplus.software.radio.ul_priority_policy_one_vs_one"/>
	<oplus-feature name="oplus.software.radio.smart_commu"/>
	<oplus-feature name="oplus.software.radio.nwpower_app_network_monitor_switch_enable"/>
	<oplus-feature name="oplus.software.radio.comm_scene_switch_enable"/>
	<oplus-feature name="oplus.software.radio.nwpower_linkpower"/>
	<oplus-feature name="oplus.software.radio.smart5g_thermal_deprio"/>
	<oplus-feature name="oplus.software.radio.esim_support"/>
	<oplus-feature name="oplus.software.radio.esim_support_sn220u"/>
	<oplus-feature name="oplus.software.pcconnect.support"/>
	<oplus-feature name="oplus.software.radio.nr_always_sa_pre"/>
	<oplus-feature name="oplus.software.radio.nr_nrca_rus_control"/>
	<oplus-feature name="oplus.software.radio.nr_bwp_rus_control"/>
	<oplus-feature name="oplus.software.radio.support_dual_nr"/>
	<oplus-feature name="oplus.software.radio.support_5g"/>
	<oplus-feature name="oplus.software.radio.sido_dual_sim_coop_no4g_no5g_opt"/>
	<oplus-feature name="oplus.software.radio.signal_recovery_enabled"/>
	<oplus-feature name="oplus.software.radio.sido_dual_sim_coop_no_service_opt"/>
	<oplus-feature name="oplus.software.radio.sido_elevator"/>
	<oplus-feature name="oplus.software.radio.sido_sim_tag_opt"/>
	<oplus-feature name="oplus.software.radio.sido_stamp_db"/>
	<oplus-feature name="oplus.software.radio.enable_sido_rollback"/>
	<oplus-feature name="oplus.software.radio.sido_roaming_fast_search_opt"/>
	<oplus-feature name="oplus.software.radio.sido_lte_fast_return_to_nr_opt"/>
	<oplus-feature name="oplus.software.radio.sido_fence"/>
	<oplus-feature name="oplus.software.radio.sido_lte_nr_pingpong_mitigation"/>
	<oplus-feature name="oplus.software.radio.sido_screen_on_no_service_opt"/>
	<oplus-feature name="oplus.software.radio.sido_screen_on_no_45g_opt"/>
	<oplus-feature name="oplus.software.radio.engnw_sts_interface_support"/>
	<oplus-feature name="oplus.software.radio.nwpower_supprese_signal_report_enable"/>
	<oplus-feature name="oplus.software.radio.nwpower_sys_net_control_switch_enable"/>
	<oplus-feature name="oplus.software.radio.nwpower_amc"/>
	<oplus-feature name="oplus.software.radio.nwpower_bg_app_net_control_switch_enable"/>
	<oplus-feature name="oplus.software.radio.nwpower_amc_oossearch"/>
	<oplus-feature name="oplus.software.radio.qoe_network_recovery"/>
	<oplus-feature name="oplus.software.radio.tcp_congest_control"/>
	<oplus-feature name="oplus.software.radio.tcp_syn_timeout_tuning"/>
	<oplus-feature name="oplus.software.radio.vonr_switch_enabled"/>
	<oplus-feature name="oplus.software.radio.custom_ecclist_writable"/>
	<oplus-feature name="oplus.software.radio.disabled_cached_uid"/>
	<oplus-feature name="oplus.software.radio.sa_call_control_disabled"/>
	<oplus-feature name="oplus.software.radio.dds_switch"/>
	<oplus-feature name="oplus.software.radio.ul_priority_policy_foreground"/>
	<oplus-feature name="oplus.software.radio.update_dcdc_sleep_state"/>
	<oplus-feature name="oplus.software.radio.link_evaluation"/>
	<oplus-feature name="oplus.software.radio.smart_data_eval"/>
	<oplus-feature name="oplus.software.radio.pull_wifi_cell"/>
	<!-- <oplus-feature name="oplus.software.logkit.ocloud.support"/> -->
	<oplus-feature name="oplus.software.radio.vendor_diag"/>
	<oplus-feature name="oplus.software.support_quick_launchapp"/>
	<oplus-feature name="oplus.software.radio.cybersense_residence_v2_enabled"/>
	<oplus-feature name="oplus.software.radio.cybersense_residence_enabled"/>
	<oplus-feature name="oplus.software.support_blockable_animation"/>
	<oplus-feature name="oplus.velocitytracker.strategy.support"/>
	<oplus-feature name="os.charge.endurance.mode.support"/>
	<oplus-feature name="oplus.software.aon_phone_enable"/>
	<oplus-feature name="oplus.software.aon_phone_mute"/>
	<oplus-feature name="oplus.software.aon_phone_camera_gesture_recognition"/>
	<oplus-feature name="oplus.software.aon_pose_detection_enable"/>
	<oplus-feature name="oplus.hardware.aon_enable"/>
	<oplus-feature name="oplus.software.aon_enable"/>
	<oplus-feature name="oplus.software.aon_sensorhub_enable"/>
	<oplus-feature name="oplus.software.aon_distance_detection_enable"/>
	<oplus-feature name="oplus.software.vibrator.kill_program_wave_support"/>
	<oplus-feature name="oplus.software.camera_volume_quick_launch"/>
	<oplus-feature name="oplus.software.radio.rf_power_boost"/>
	<oplus-feature name="oplus.software.radio.sido_intelligent_recovery"/>
	<oplus-feature name="oplus.software.radio.pcdr_lte_intra_rat_ping_pong_opt"/>
	<oplus-feature name="oplus.software.radio.pcdr_nr_intra_rat_ping_pong_opt"/>
	<oplus-feature name="oplus.software.radio.pcdr_portrait"/>
	<oplus-feature name="oplus.software.preload.camera"/>
	<oplus-feature name="oplus.software.radio.nwpower_proc_net_control_switch_enable"/>
	<oplus-feature name="oplus.software.radio.nwpower_network_disable_white_list"/>
	<oplus-feature name="oplus.software.view.spring_over_scroller"/>
	<oplus-feature name="oplus.software.radio.nwpower_amc_mdwakeup_control"/>
	<oplus-feature name="oplus.software.radio.networkless_support"/>
	<oplus-feature name="oplus.software.radio.air_interface_detect_support"/>
	<oplus-feature name="oplus.software.radio.sched_ppq"/>
	<oplus-feature name="oplus.software.radio.nwpower_amc_lowmpss_recovery"/>
	<oplus-feature name="oplus.software.radio.ul_priority_policy_stream"/>
	<oplus-feature name="oplus.software.radio.ul_priority_policy_game_optimize"/>
	<oplus-feature name="oplus.hardware.display.bl_pwm_dc"/>
	<oplus-feature name="oplus.hardware.display.low.blue.light"/>
	<oplus-feature name="oplus.hardware.display.ultra_tr_diamond_screen"/>
	<oplus-feature name="oplus.software.radio.smart_nw_data_low_latency"/>
	<oplus-feature name="oplus.software.display.adfr_v32_lp"/>
	<oplus-feature name="oplus.software.radio.multi_task_multi_link_schedule"/>
	<oplus-feature name="oplus.software.radio.enable_ct_network_scan"/>
	<oplus-feature name="oplus.hardware.pwd_attestation_locksettings"/>
	<oplus-feature name="oplus.software.radio.subsystem_camera_service"/>
	<oplus-feature name="oplus.software.radio.qoe_collaborative_center"/>
	<oplus-feature name="oplus.software.radio.mt_optimization"/>
	<oplus-feature name="oplus.software.radio.virtualmodem_cellinfo"/>
	<unavailable-oplus-feature name="oplus.software.gsa_refresh"/>
	<oplus-feature name="oplus.software.camera.pre_bind_application"/>
	<!--  -->
	<unavailable-oplus-feature name="oplus.software.logkit.ocloud.support"/>
	<!-- <oplus-feature name="oplus.software.aon_aod_enable"/> -->
	<oplus-feature name="oplus.hardware.display.full_brightness_DC"/>
	<oplus-feature name="oplus.hardware.display.no_classic_low_freq_strobe"/>
	<!-- <oplus-feature name="oplus.software.lockscreen.enable.standard_refresh_rate"/> -->
	<oplus-feature name="oplus.software.view.rgbnormalize"/>
	<oplus-feature name="oplus.software.vibrator.screenshot_wave_support"/>
	<oplus-feature name="oplus.software.radio.qos_prediction_enabled"/>
	<!-- <oplus-feature name="oplus.software.radio.qct_smart_data_flow"/> -->
	<oplus-feature name="oplus.software.radio.hyper_uplink_mode_enable"/>
	<oplus-feature name="oplus.software.radio.wifi_force_rel_dual_data"/>
	<!-- <oplus-feature name="oplus.software.radio.wifi_data_control"/> -->
	<oplus-feature name="oplus.software.radio.power_save_dual_network_control"/>
	<oplus-feature name="oplus.software.wlan.qoe_estimate"/>
	<oplus-feature name="oplus.software.radio.dns_speed_up"/>
	<oplus-feature name="oplus.software.radio.data_fast_recovery"/>
	<oplus-feature name="oplus.software.deviceidle_network_optimization"/>
	<!-- <oplus-feature name="oplus.software.radio.block_nondds_pck"/>
	<oplus-feature name="oplus.software.radio.cybersense_location_enabled"/>
	<oplus-feature name="oplus.software.radio.cybersense_travel_enabled"/> -->
	<oplus-feature name="oplus.software.radio.disable_5g_nr_5gdump"/>
	<oplus-feature name="oplus.software.radio.dual_ps"/>
	<!-- <oplus-feature name="oplus.software.radio.exhibition_detect_service"/>
	<oplus-feature name="oplus.software.radio.enable_cmcc_nitz"/>
	<oplus-feature name="oplus.software.radio.enable_signal_map"/>
	<oplus-feature name="oplus.software.radio.enable_weak_signal_backoff"/>
	<oplus-feature name="oplus.software.radio.qoe_game_cell_suggest"/>
	<oplus-feature name="oplus.software.radio.qoe_collaborative_center"/>
	<oplus-feature name="oplus.software.radio.qr_recovery"/> -->
	<oplus-feature name="oplus.software.radio.sido_airplane_mode_low_power_opt_v2"/>
	<oplus-feature name="oplus.software.radio.sido_airplane_mode_low_power_opt"/>
	<oplus-feature name="oplus.software.radio.smart5g_Low_Power_control"/>
	<oplus-feature name="oplus.software.radio.smart5g_thermal_nr_deprio"/>
	<oplus-feature name="oplus.software.radio.smart5g_speed_control"/>
	<!-- <oplus-feature name="oplus.software.radio.pcdr_lte_fast_return_to_nr_accurate_meas_recovery_opt"/>
	<oplus-feature name="oplus.software.radio.pcdr_hangup_fast_return_enhance"/>
	<oplus-feature name="oplus.software.radio.sido_rat_enhance_lte_backoff_opt"/>
	<oplus-feature name="oplus.software.radio.sido_rat_enhance_nr_backoff_opt"/>
	<oplus-feature name="oplus.software.radio.sido_ss_update_abnormal_opt"/>
	<oplus-feature name="oplus.software.radio.sido_mmr_reg_req_stuck_opt"/>
	<oplus-feature name="oplus.software.radio.sido_lte_srv_poor_signal_ngbr_strong_opt"/>
	<oplus-feature name="oplus.software.radio.sido_gw_lte_pingpong_lte_poor_signal_opt"/>
	<oplus-feature name="oplus.software.radio.sido_inter_cell_coop_lte_rej_15_opt"/>
	<oplus-feature name="oplus.software.radio.sido_inter_cell_coop_dual_cell_strong_sig_opt"/>
	<oplus-feature name="oplus.software.radio.sido_nr_icon_pingpong_opt"/>
	<oplus-feature name="oplus.software.radio.subway_slow_recovery"/>
	<oplus-feature name="oplus.software.radio.sar_via_sts_support"/>
	<oplus-feature name="oplus.software.radio.smart_game_qoe_recovery"/>
	<oplus-feature name="oplus.software.radio.support_r16"/>
	<oplus-feature name="oplus.software.radio.support_vonr_plus"/>
	<oplus-feature name="oplus.software.radio.use_customized_thresholds"/>
	<oplus-feature name="oplus.software.radio.rf_icc_support"/>
	<oplus-feature name="oplus.software.radio.nsa_signal_optim"/>
	<oplus-feature name="oplus.software.radio.nwpower_amc_airplanemode"/>
	<oplus-feature name="oplus.software.radio.nwpower_amc_mediastreamcontrol"/> -->
	<!-- test -->
	<oplus-feature name="oplus.software.quick_boot"/>
	<oplus-feature name="oplus.software.osense.cpnproxy"/>
	<unavailable-oplus-feature name="os.tool.midas.midasd.enable"/>
	<unavailable-oplus-feature name="os.tool.midas.ostatsd.enable"/>
	<unavailable-oplus-feature name="os.tool.midas.ostats_tpd.enable"/>
	<unavailable-oplus-feature name="os.tool.midas.ostats_pullerd.enable"/>
</oplus-config>
<!-- Timestamp 2025-04-21T16:48:33 #864d1952-5abd-490a-a472-086489949808 -->
